molecule_chembl_id,canonical_smiles,bao_format,assay_type,activity_comment,pchembl_value,potential_duplicate
CHEMBL1336269,COc1ccc(NC(=O)C#Cc2ccccc2)cc1,BAO_0000019,F,Active,5.1,0
CHEMBL16312,COc1ccc(-c2cc(=O)c3ccccc3o2)cc1,BAO_0000019,F,Active,4.51,0
CHEMBL1596681,Br.CCCCCCCCCn1c2c(c(=N)c3c1CCC3)CCC2,BAO_0000019,F,Active,5.04,0
CHEMBL1447078,CCCC1CCC(c2ccc(OCC)cc2)=CC1=O,BAO_0000019,F,Active,4.27,0
CHEMBL1531200,Cc1nc2ccc(Nc3nc4cc(S(=O)(=O)N5CCOCC5)ccc4o3)cc2s1,BAO_0000019,F,inactive,,0
CHEMBL1457403,CCN(CC)c1ccc2nc3ccc(N)cc3[n+](-c3ccccc3)c2c1.[Cl-],BAO_0000019,F,Active,5.32,0
CHEMBL1539913,Brc1ccc(-n2cnc(-c3ccccc3)c2)cc1,BAO_0000019,F,Active,4.45,0
CHEMBL1366588,Cl.O=C(CCS(=O)(=O)c1ccccc1)N(CCCN1CCOCC1)c1nc2c(F)cccc2s1,BAO_0000019,F,Active,5.68,0
CHEMBL1709001,Cc1cccn2c(O)c(C(=O)NCCCN3CC(C)CC(C)C3)c(=O)nc12,BAO_0000019,F,Active,4.83,0
CHEMBL1329507,O=c1c2ccc(Cl)cc2nc(-c2cccc(C(F)(F)F)c2)n1O,BAO_0000019,F,Active,4.96,0
CHEMBL1507547,Cc1cccc(N2CCN(CC(O)COc3ccc(Cl)cc3)CC2)c1,BAO_0000019,F,Active,4.12,0
CHEMBL2355051,CCN(CC)CCOc1ccc(C(=C(Cl)c2ccccc2)c2ccccc2)cc1,BAO_0000019,F,Active,4.53,0
CHEMBL1339092,I.c1ccc(Sc2cccc3ccccc23)c(CNC2=NCCN2)c1,BAO_0000019,F,Active,4.93,0
CHEMBL1574982,N#Cc1ccc(NC(=O)Nc2ccc(Cl)cc2)cc1,BAO_0000019,F,Active,5.45,0
CHEMBL1558285,CCN(CC)c1ccc2nc3ccccc3[n+](CC)c2c1.[I-],BAO_0000019,F,Active,4.84,0
CHEMBL3193158,CCCCCC(=O)N1CCN(CC/N=C/C2=C(O)CC(c3ccco3)CC2=O)CC1,BAO_0000019,F,Active,5.14,0
CHEMBL1339245,COc1ccc(CNC(=O)c2c(C)oc3c2C(=O)c2ccccc2C3=O)cc1,BAO_0000019,F,Active,5.01,0
CHEMBL1585618,CN(CCOc1ccccc1)c1ccc(S(=O)(=O)N2CCCCC2)cn1,BAO_0000019,F,inactive,,0
CHEMBL1386774,O=c1c2cc(Br)ccc2nc(-c2ccc([N+](=O)[O-])cc2)n1O,BAO_0000019,F,Active,5.31,0
CHEMBL1412902,O=C(Nc1scc(-c2ccccc2)c1C(=O)O)c1ccc(F)cc1,BAO_0000019,F,Active,4.99,0
CHEMBL236150,CC(=O)Oc1c(I)cc(I)cc1C(=O)Nc1ccc(Cl)cc1,BAO_0000019,F,Active,5.79,0
CHEMBL1347185,O=c1c2cc(Cl)ccc2nc(-c2ccc([N+](=O)[O-])cc2)n1O,BAO_0000019,F,Active,5.18,0
CHEMBL1343658,Cn1c(=O)c(C(=O)NNC(=O)c2ccccc2F)c(O)c2ccccc21,BAO_0000019,F,Active,5.71,0
CHEMBL1602195,CCCCCNC(=O)C(=O)C1C(=O)Nc2ccccc21,BAO_0000019,F,Active,5.54,0
CHEMBL1076347,O=C(Nc1ccc(Cl)cc1)Nc1ccc(Cl)c(Cl)c1,BAO_0000019,F,Active,5.83,0
CHEMBL1334557,CCOC(=O)N1C(=O)C2(CCCCC2)N(c2ccccc2Cl)C1=S,BAO_0000019,F,Active,5.23,0
CHEMBL1711405,O=C(CN1CCCCC1)NNC(=O)c1cccc(Br)c1,BAO_0000019,F,Active,4.63,0
CHEMBL3192672,C=CCc1c(C)nc(C)nc1N/N=C/c1ccccc1O,BAO_0000019,F,Active,4.34,0
CHEMBL1563728,CCC1Nc2ncnc(N3CCN(c4ccccn4)CC3)c2N(Cc2ccc(Cl)cc2)C1=O.O=C(O)C(F)(F)F,BAO_0000019,F,Active,5.5,0
CHEMBL1505335,Cc1ccc(S(=O)(=O)N2CCN=C2SCc2ccccc2)cc1,BAO_0000019,F,Active,4.38,0
CHEMBL1447669,O=C(Nc1cccc(Cl)c1)c1cnn2cccnc12,BAO_0000019,F,Active,5.09,0
CHEMBL1427059,CCSc1nsc(NC(=O)Nc2cccc(F)c2)n1,BAO_0000019,F,Active,5.71,0
CHEMBL1505307,Cc1cccc(NC(=O)N2CCN(Cc3ccc(Cl)cc3)CC2)c1,BAO_0000019,F,Active,4.36,0
CHEMBL602526,Cc1cccc(C(=O)ONC(=N)Cc2cccc3ccccc23)c1,BAO_0000019,F,Active,5.79,0
CHEMBL1398317,COc1cccc(NC(=O)c2ccccc2)c1,BAO_0000019,F,Active,4.86,0
CHEMBL3191011,O=[N+]([O-])c1cccc(/C=N/Nc2nc(NCc3ccccc3)nc(N3CCOCC3)n2)c1O,BAO_0000019,F,Active,4.61,0
CHEMBL1571123,Cc1ccc(NC(=O)c2nc(S(=O)(=O)Cc3ccccc3)ncc2Cl)cc1,BAO_0000019,F,Active,5.45,0
CHEMBL1732520,Cc1ccc(C2=NOC(C)(c3nnc(-c4ccccc4)o3)C2)cc1,BAO_0000019,F,Active,4.38,0
CHEMBL1703295,COc1c(OC(C)=O)c(=O)n2c3ccccc3c3ccnc1c32,BAO_0000019,F,Active,5.8,0
CHEMBL453974,C[C@@H]1C[C@@H]2O[C@H]2/C=C\C=C\C(=O)Cc2c(Cl)c(O)cc(O)c2C(=O)O1,BAO_0000019,F,Active,5.08,0
CHEMBL1381195,Cl.Nc1ccc(Oc2cc(N)cc(Oc3ccccc3)c2)cc1,BAO_0000019,F,Active,5.32,0
CHEMBL1577062,COc1ccccc1CNC(=O)c1ccc(SC)cc1OC,BAO_0000019,F,Active,4.61,0
CHEMBL1541722,Cc1onc(-c2ccccc2Cl)c1C(=O)N1C=CC(C(F)(F)F)=NCC1,BAO_0000019,F,Active,5.06,0
CHEMBL1512568,O=C(NCCC1=CCCCC1)c1c(O)nc2sccn2c1=O,BAO_0000019,F,Active,5.42,0
CHEMBL1525362,c1ccc(C2Nc3ccccc3C3OCCCC23)cc1,BAO_0000019,F,Active,5.13,0
CHEMBL1331770,Cc1cccc(C(=O)NNC(=O)c2c(O)c3ccccc3n(C)c2=O)c1,BAO_0000019,F,Active,5.99,0
CHEMBL1549127,CCOC(=O)c1ccc2c(c1)nc(COc1ccc(OC)cc1)n2CC,BAO_0000019,F,inactive,,0
CHEMBL1532568,O=C(Nc1cccc(Br)c1)c1cc2ccccc2o1,BAO_0000019,F,Active,5.01,0
CHEMBL1411435,O=C(NC(=S)NNC(=O)c1ccccc1O)c1ccc(F)cc1,BAO_0000019,F,Active,5.1,0
CHEMBL1994635,Oc1c(/C=N/c2ccccn2)sc2ccccc12,BAO_0000019,F,Active,4.99,0
CHEMBL1529733,Cn1c(=O)c(C(=O)Nc2ncccn2)c(O)c2ccccc21,BAO_0000019,F,Active,4.87,0
CHEMBL1363164,COc1cc(CNCCc2ccccc2)ccc1OCc1ccc(Cl)nc1.Cl,BAO_0000019,F,Active,4.52,0
CHEMBL1580883,COc1ccc(-c2nn(-c3ccccc3)cc2C=O)cc1,BAO_0000019,F,Active,4.09,0
CHEMBL1313152,c1ccc(OCc2nnnn2-c2ccccc2)cc1,BAO_0000019,F,Active,5.22,0
CHEMBL1451060,O=C(NNC(=S)NC(=O)c1ccc(Br)cc1)c1ccc([N+](=O)[O-])cc1,BAO_0000019,F,Active,5.25,0
CHEMBL1388722,O=c1cc(-c2ccccc2Cl)oc2ccc([N+](=O)[O-])c(O)c12,BAO_0000019,F,Active,5.04,0
CHEMBL1559889,CC(C)NC(=O)c1c(O)nc2ccccc2c1O,BAO_0000019,F,Active,4.88,0
CHEMBL1444685,CN(CC(=O)N1CCc2ccccc2C1)c1ccccc1,BAO_0000019,F,inactive,,0
CHEMBL2000196,CC(=O)N(/N=C1\Sc2ccccc2C1=O)c1ccccc1C,BAO_0000019,F,Active,5.08,0
CHEMBL1490692,O=C(Nc1cccc(Cl)c1)c1cc(N=Nc2ccc([N+](=O)[O-])cc2Cl)ccc1O,BAO_0000019,F,Active,5.87,0
CHEMBL2001888,CCC1Nc2ncnc(N3CCN(c4ccccn4)CC3)c2N(Cc2ccc(Br)cc2)C1=O.O=C(O)C(F)(F)F,BAO_0000019,F,Active,5.43,0
CHEMBL1256359,CC(N)C(=O)OC(C)(C)Cc1ccc(Cl)cc1.Cl,BAO_0000019,F,Active,5.1,0
CHEMBL1596325,CCCOc1ccc(C(=O)NNC(=S)NC(=O)c2cccs2)cc1,BAO_0000019,F,Active,5.05,0
CHEMBL1716490,O=C(NCCCCc1ccccc1)c1ccccc1Br,BAO_0000019,F,Active,4.73,0
CHEMBL601543,CCN1/C(=C/C=C/c2oc3ccc(-c4ccccc4)cc3[n+]2CC)Oc2ccc(-c3ccccc3)cc21.CCOS(=O)(=O)[O-],BAO_0000019,F,Active,5.04,0
CHEMBL1530042,CC1CC(=O)c2cnc(Nc3cccc(C(F)(F)F)c3)nc2C1,BAO_0000019,F,Active,4.34,0
CHEMBL1707377,O=C(NCCCc1ccccc1)c1c(O)nc2sccn2c1=O,BAO_0000019,F,Active,5.02,0
CHEMBL1727095,Cc1csc2nc(O)c(C(=O)NCCC3=CCCCC3)c(=O)n12,BAO_0000019,F,Active,5.39,0
CHEMBL1518625,Br.CCCCCCCCn1c2c(c(=N)c3ccccc31)CCC2,BAO_0000019,F,Active,4.92,0
CHEMBL1336269,COc1ccc(NC(=O)C#Cc2ccccc2)cc1,BAO_0000019,F,Active,5.84,0
CHEMBL16312,COc1ccc(-c2cc(=O)c3ccccc3o2)cc1,BAO_0000019,F,Active,5.27,0
CHEMBL1596681,Br.CCCCCCCCCn1c2c(c(=N)c3c1CCC3)CCC2,BAO_0000019,F,Active,5.2,0
CHEMBL1447078,CCCC1CCC(c2ccc(OCC)cc2)=CC1=O,BAO_0000019,F,Active,5.31,0
CHEMBL1457403,CCN(CC)c1ccc2nc3ccc(N)cc3[n+](-c3ccccc3)c2c1.[Cl-],BAO_0000019,F,Active,5.97,0
CHEMBL1539913,Brc1ccc(-n2cnc(-c3ccccc3)c2)cc1,BAO_0000019,F,Active,5.0,0
CHEMBL1366588,Cl.O=C(CCS(=O)(=O)c1ccccc1)N(CCCN1CCOCC1)c1nc2c(F)cccc2s1,BAO_0000019,F,Active,5.98,0
CHEMBL1709001,Cc1cccn2c(O)c(C(=O)NCCCN3CC(C)CC(C)C3)c(=O)nc12,BAO_0000019,F,Active,4.99,0
CHEMBL1329507,O=c1c2ccc(Cl)cc2nc(-c2cccc(C(F)(F)F)c2)n1O,BAO_0000019,F,Active,5.57,0
CHEMBL1507547,Cc1cccc(N2CCN(CC(O)COc3ccc(Cl)cc3)CC2)c1,BAO_0000019,F,Active,5.32,0
CHEMBL2355051,CCN(CC)CCOc1ccc(C(=C(Cl)c2ccccc2)c2ccccc2)cc1,BAO_0000019,F,Active,5.62,0
CHEMBL1339092,I.c1ccc(Sc2cccc3ccccc23)c(CNC2=NCCN2)c1,BAO_0000019,F,Active,5.12,0
CHEMBL1574982,N#Cc1ccc(NC(=O)Nc2ccc(Cl)cc2)cc1,BAO_0000019,F,Active,5.53,0
CHEMBL1558285,CCN(CC)c1ccc2nc3ccccc3[n+](CC)c2c1.[I-],BAO_0000019,F,Active,5.21,0
CHEMBL3193158,CCCCCC(=O)N1CCN(CC/N=C/C2=C(O)CC(c3ccco3)CC2=O)CC1,BAO_0000019,F,Active,5.06,0
CHEMBL1339245,COc1ccc(CNC(=O)c2c(C)oc3c2C(=O)c2ccccc2C3=O)cc1,BAO_0000019,F,Active,5.51,0
CHEMBL1585618,CN(CCOc1ccccc1)c1ccc(S(=O)(=O)N2CCCCC2)cn1,BAO_0000019,F,Active,5.29,0
CHEMBL1386774,O=c1c2cc(Br)ccc2nc(-c2ccc([N+](=O)[O-])cc2)n1O,BAO_0000019,F,Active,5.62,0
CHEMBL1412902,O=C(Nc1scc(-c2ccccc2)c1C(=O)O)c1ccc(F)cc1,BAO_0000019,F,Active,5.39,0
CHEMBL236150,CC(=O)Oc1c(I)cc(I)cc1C(=O)Nc1ccc(Cl)cc1,BAO_0000019,F,Active,6.09,0
CHEMBL1347185,O=c1c2cc(Cl)ccc2nc(-c2ccc([N+](=O)[O-])cc2)n1O,BAO_0000019,F,Active,5.57,0
CHEMBL1343658,Cn1c(=O)c(C(=O)NNC(=O)c2ccccc2F)c(O)c2ccccc21,BAO_0000019,F,Active,5.81,0
CHEMBL1602195,CCCCCNC(=O)C(=O)C1C(=O)Nc2ccccc21,BAO_0000019,F,Active,5.75,0
CHEMBL1076347,O=C(Nc1ccc(Cl)cc1)Nc1ccc(Cl)c(Cl)c1,BAO_0000019,F,Active,6.09,0
CHEMBL1334557,CCOC(=O)N1C(=O)C2(CCCCC2)N(c2ccccc2Cl)C1=S,BAO_0000019,F,Active,4.97,0
CHEMBL1711405,O=C(CN1CCCCC1)NNC(=O)c1cccc(Br)c1,BAO_0000019,F,Active,5.35,0
CHEMBL3192672,C=CCc1c(C)nc(C)nc1N/N=C/c1ccccc1O,BAO_0000019,F,Active,5.03,0
CHEMBL1563728,CCC1Nc2ncnc(N3CCN(c4ccccn4)CC3)c2N(Cc2ccc(Cl)cc2)C1=O.O=C(O)C(F)(F)F,BAO_0000019,F,Active,5.48,0
CHEMBL1505335,Cc1ccc(S(=O)(=O)N2CCN=C2SCc2ccccc2)cc1,BAO_0000019,F,Active,5.5,0
CHEMBL1447669,O=C(Nc1cccc(Cl)c1)c1cnn2cccnc12,BAO_0000019,F,Active,5.36,0
CHEMBL1427059,CCSc1nsc(NC(=O)Nc2cccc(F)c2)n1,BAO_0000019,F,Active,5.91,0
CHEMBL1505307,Cc1cccc(NC(=O)N2CCN(Cc3ccc(Cl)cc3)CC2)c1,BAO_0000019,F,Active,5.42,0
CHEMBL602526,Cc1cccc(C(=O)ONC(=N)Cc2cccc3ccccc23)c1,BAO_0000019,F,Active,5.76,0
CHEMBL1398317,COc1cccc(NC(=O)c2ccccc2)c1,BAO_0000019,F,Active,5.34,0
CHEMBL3191011,O=[N+]([O-])c1cccc(/C=N/Nc2nc(NCc3ccccc3)nc(N3CCOCC3)n2)c1O,BAO_0000019,F,Active,5.2,0
CHEMBL1571123,Cc1ccc(NC(=O)c2nc(S(=O)(=O)Cc3ccccc3)ncc2Cl)cc1,BAO_0000019,F,Active,5.78,0
CHEMBL1732520,Cc1ccc(C2=NOC(C)(c3nnc(-c4ccccc4)o3)C2)cc1,BAO_0000019,F,Active,5.37,0
CHEMBL1703295,COc1c(OC(C)=O)c(=O)n2c3ccccc3c3ccnc1c32,BAO_0000019,F,Active,6.18,0
CHEMBL453974,C[C@@H]1C[C@@H]2O[C@H]2/C=C\C=C\C(=O)Cc2c(Cl)c(O)cc(O)c2C(=O)O1,BAO_0000019,F,Active,5.25,0
CHEMBL1381195,Cl.Nc1ccc(Oc2cc(N)cc(Oc3ccccc3)c2)cc1,BAO_0000019,F,Active,5.34,0
CHEMBL1577062,COc1ccccc1CNC(=O)c1ccc(SC)cc1OC,BAO_0000019,F,Active,5.24,0
CHEMBL1541722,Cc1onc(-c2ccccc2Cl)c1C(=O)N1C=CC(C(F)(F)F)=NCC1,BAO_0000019,F,Active,5.19,0
CHEMBL1512568,O=C(NCCC1=CCCCC1)c1c(O)nc2sccn2c1=O,BAO_0000019,F,Active,5.65,0
CHEMBL1525362,c1ccc(C2Nc3ccccc3C3OCCCC23)cc1,BAO_0000019,F,Active,6.05,0
CHEMBL1331770,Cc1cccc(C(=O)NNC(=O)c2c(O)c3ccccc3n(C)c2=O)c1,BAO_0000019,F,Active,6.19,0
CHEMBL1549127,CCOC(=O)c1ccc2c(c1)nc(COc1ccc(OC)cc1)n2CC,BAO_0000019,F,Active,5.01,0
CHEMBL1532568,O=C(Nc1cccc(Br)c1)c1cc2ccccc2o1,BAO_0000019,F,Active,5.47,0
CHEMBL1411435,O=C(NC(=S)NNC(=O)c1ccccc1O)c1ccc(F)cc1,BAO_0000019,F,Active,5.74,0
CHEMBL1994635,Oc1c(/C=N/c2ccccn2)sc2ccccc12,BAO_0000019,F,Active,5.42,0
CHEMBL1529733,Cn1c(=O)c(C(=O)Nc2ncccn2)c(O)c2ccccc21,BAO_0000019,F,Active,5.5,0
CHEMBL1363164,COc1cc(CNCCc2ccccc2)ccc1OCc1ccc(Cl)nc1.Cl,BAO_0000019,F,Active,5.31,0
CHEMBL1580883,COc1ccc(-c2nn(-c3ccccc3)cc2C=O)cc1,BAO_0000019,F,Active,5.08,0
CHEMBL1451060,O=C(NNC(=S)NC(=O)c1ccc(Br)cc1)c1ccc([N+](=O)[O-])cc1,BAO_0000019,F,inactive,,0
CHEMBL1388722,O=c1cc(-c2ccccc2Cl)oc2ccc([N+](=O)[O-])c(O)c12,BAO_0000019,F,Active,5.72,0
CHEMBL1559889,CC(C)NC(=O)c1c(O)nc2ccccc2c1O,BAO_0000019,F,Active,5.92,0
CHEMBL1444685,CN(CC(=O)N1CCc2ccccc2C1)c1ccccc1,BAO_0000019,F,Active,5.65,0
CHEMBL2000196,CC(=O)N(/N=C1\Sc2ccccc2C1=O)c1ccccc1C,BAO_0000019,F,Active,5.34,0
CHEMBL1490692,O=C(Nc1cccc(Cl)c1)c1cc(N=Nc2ccc([N+](=O)[O-])cc2Cl)ccc1O,BAO_0000019,F,Active,6.25,0
CHEMBL2001888,CCC1Nc2ncnc(N3CCN(c4ccccn4)CC3)c2N(Cc2ccc(Br)cc2)C1=O.O=C(O)C(F)(F)F,BAO_0000019,F,Active,5.48,0
CHEMBL1256359,CC(N)C(=O)OC(C)(C)Cc1ccc(Cl)cc1.Cl,BAO_0000019,F,Active,5.37,0
CHEMBL1596325,CCCOc1ccc(C(=O)NNC(=S)NC(=O)c2cccs2)cc1,BAO_0000019,F,Active,5.53,0
CHEMBL1716490,O=C(NCCCCc1ccccc1)c1ccccc1Br,BAO_0000019,F,Active,5.68,0
CHEMBL601543,CCN1/C(=C/C=C/c2oc3ccc(-c4ccccc4)cc3[n+]2CC)Oc2ccc(-c3ccccc3)cc21.CCOS(=O)(=O)[O-],BAO_0000019,F,Active,5.05,0
CHEMBL1530042,CC1CC(=O)c2cnc(Nc3cccc(C(F)(F)F)c3)nc2C1,BAO_0000019,F,Active,5.56,0
CHEMBL1707377,O=C(NCCCc1ccccc1)c1c(O)nc2sccn2c1=O,BAO_0000019,F,Active,5.62,0
CHEMBL1727095,Cc1csc2nc(O)c(C(=O)NCCC3=CCCCC3)c(=O)n12,BAO_0000019,F,Active,5.63,0
CHEMBL1518625,Br.CCCCCCCCn1c2c(c(=N)c3ccccc31)CCC2,BAO_0000019,F,Active,5.06,0
CHEMBL472,COc1ccc(Cl)cc1C(=O)NCCc1ccc(S(=O)(=O)NC(=O)NC2CCCCC2)cc1,BAO_0000219,B,,4.92,0
CHEMBL3781001,CC(C)c1cc(Cl)cc(C(C)C)c1NC(=O)NS(=O)(=O)c1cccc(C(C)O)c1,BAO_0000219,B,,6.68,0
CHEMBL3781583,CC(C)c1cc(Cl)cc(C(C)C)c1NC(=O)NS(=O)(=O)c1cccc(C(C)(C)O)c1,BAO_0000219,B,,6.58,0
CHEMBL3780602,C=C1C(=O)C[C@H]2[C@H]1CC/C(C)=C/CC[C@@]1(C)O[C@@H]21,BAO_0000219,B,,5.59,0
CHEMBL3904593,CC(C)(O)c1coc(S(=O)(=O)NC(=O)Nc2c3c(cc4c2C(O)CC4)CCC3)c1,BAO_0000357,B,,6.63,0
CHEMBL3929254,CC(C)(O)c1coc(S(=O)(=O)NC(=O)Nc2c3c(cc4c2CCC4O)CCC3)c1,BAO_0000357,B,,5.71,0
CHEMBL3956814,CC(C)(O)c1coc(S(=O)(=O)NC(=O)Nc2c3c(cc4c2CC[C@H]4O)CCC3)c1,BAO_0000357,B,,5.91,0
CHEMBL3906283,CC(C)(O)c1coc(S(=O)(=O)NC(=O)Nc2c3c(cc4c2CC[C@@H]4O)CCC3)c1,BAO_0000357,B,,5.2,0
CHEMBL3920126,CC(C)(O)c1coc(S(=O)(=O)NC(=O)Nc2c3c(cc4c2CC(O)C4)CCC3)c1,BAO_0000357,B,,5.74,0
CHEMBL4126946,O=C1CO[C@H](CO)[C@@H](O)C1,BAO_0000019,B,,,0
CHEMBL4127699,O=C1C=C[C@@H](CO)OC1,BAO_0000019,B,,4.38,0
CHEMBL4128176,CC(=O)OC[C@@H]1C=CC(=O)CO1,BAO_0000019,B,,5.37,0
CHEMBL4128029,CCCC(=O)OC[C@@H]1C=CC(=O)CO1,BAO_0000019,B,,5.44,0
CHEMBL4129407,CCCCCCCC(=O)OC[C@@H]1C=CC(=O)CO1,BAO_0000019,B,,5.29,0
CHEMBL4126909,CC(=O)OC[C@@H]1C=C(F)C(=O)CO1,BAO_0000019,B,,5.43,0
CHEMBL4125713,O=C1C(F)=C[C@@H]2CO[C@H]1O2,BAO_0000019,B,,5.32,0
CHEMBL4129636,CC(=O)OC1=C(F)C(C(C)=O)[C@@H]2CO[C@H]1O2,BAO_0000019,B,,5.43,0
CHEMBL4126941,O=C1C=C[C@H]2CO[C@@H]1O2,BAO_0000019,B,,5.18,0
CHEMBL3183703,CC(C)(O)c1coc(S(=O)(=O)NC(=O)Nc2c3c(cc4c2CCC4)CCC3)c1,BAO_0000357,B,,8.1,0
CHEMBL3183703,CC(C)(O)c1coc(S(=O)(=O)NC(=O)Nc2c3c(cc4c2CCC4)CCC3)c1,BAO_0000357,B,,8.3,0
CHEMBL4204644,[2H]C([2H])([2H])C(O)(c1coc(S(=O)(=O)NC(=O)Nc2c3c(cc4c2CCC4)CCC3)c1)C([2H])([2H])[2H],BAO_0000357,B,,8.3,0
CHEMBL4209503,[2H]C1([2H])CCc2cc3c(c(NC(=O)NS(=O)(=O)c4cc(C(C)(C)O)co4)c21)C([2H])([2H])CC3,BAO_0000357,B,,8.22,0
CHEMBL4216836,[2H]C1([2H])CCc2c1cc1c(c2NC(=O)NS(=O)(=O)c2cc(C(C)(C)O)co2)CCC1([2H])[2H],BAO_0000357,B,,8.15,0
CHEMBL4212407,[2H]C1([2H])CCc2c1cc1c(c2NC(=O)NS(=O)(=O)c2cc(C(C)(C)O)co2)CCC1,BAO_0000357,B,,8.22,0
CHEMBL4228510,COc1ccc(C/C(=N\O)c2nc3ccc(OC)cc3o2)cc1,BAO_0000219,B,,5.91,0
CHEMBL4228911,COc1ccc(C/C(=N\O)c2nc3ccc(Cl)cc3o2)cc1,BAO_0000219,B,,5.24,0
CHEMBL4227524,O/N=C(\Cc1ccccc1)c1nc2ccc(Cl)cc2o1,BAO_0000219,B,,4.66,0
CHEMBL4227459,Cc1ccc2nc(/C(Cc3ccccc3)=N/O)oc2c1,BAO_0000219,B,,4.8,0
CHEMBL4229108,COc1ccccc1C(=O)O/N=C(\C)c1nc2ccccc2o1,BAO_0000219,B,,4.4,0
CHEMBL129795,O=C(/C=C/c1ccc(O)cc1)c1ccc(O)cc1O,BAO_0000219,B,,5.81,0
CHEMBL3183703,CC(C)(O)c1coc(S(=O)(=O)NC(=O)Nc2c3c(cc4c2CCC4)CCC3)c1,BAO_0000357,B,,8.09,0
CHEMBL4538032,C=C(Cc1ccccc1Cl)C(=O)NCCc1ccc(S(N)(=O)=O)cc1,BAO_0000357,B,,4.13,0
CHEMBL4539790,CC(=O)C1=C(C(Cl)(Cl)Cl)N[B-](c2ccccc2)(c2ccccc2)[O+]=C1N,BAO_0000019,B,,7.13,0
CHEMBL28,O=c1cc(-c2ccc(O)cc2)oc2cc(O)cc(O)c12,BAO_0000019,B,,5.0,0
CHEMBL4443648,CCn1c(-c2ccccc2)nc2cc(C)ccc21,BAO_0000019,B,,5.0,0
CHEMBL4647321,Cc1ccc(S(=O)(=NC#N)NC(=O)Nc2c3c(cc4c2CCC4)CCC3)cc1,BAO_0000219,B,,8.17,0
CHEMBL4640644,Cc1ccc(S(=O)(=O)N/C(=N\C#N)Nc2c3c(cc4c2CCC4)CCC3)cc1,BAO_0000219,B,,,0
CHEMBL4634472,O=C(Nc1c2c(cc3c1CCC3)CCC2)NP(=O)(O)c1ccccc1,BAO_0000219,B,,,0
CHEMBL4633580,Cc1ccc(S(=O)(=O)NC(=O)C(=O)Nc2c3c(cc4c2CCC4)CCC3)cc1,BAO_0000219,B,,,0
CHEMBL4633769,Cc1ccc(S(=O)(=O)NS(=O)(=O)Nc2c3c(cc4c2CCC4)CCC3)cc1,BAO_0000219,B,,,0
CHEMBL4640804,Cc1ccc(S(=O)(=O)NC(=O)Cc2c3c(cc4c2CCC4)CCC3)cc1,BAO_0000219,B,,,0
CHEMBL4643011,Cc1ccc(S(=O)(=O)NC(=O)C(O)c2c3c(cc4c2CCC4)CCC3)cc1,BAO_0000219,B,,,0
CHEMBL4643208,Cc1ccc(S(=O)(=O)NC(=O)C(=O)c2c3c(cc4c2CCC4)CCC3)cc1,BAO_0000219,B,,,0
CHEMBL4649621,Cc1ccc(S(=O)(=O)Nc2c(Nc3c4c(cc5c3CCC5)CCC4)c(=O)c2=O)cc1,BAO_0000219,B,,,0
CHEMBL4641660,O=C(Nc1c2c(cc3c1CCC3)CCC2)NC1(c2ccccc2)COC1,BAO_0000219,B,,,0
CHEMBL4649881,O=C(Nc1c2c(cc3c1CCC3)CCC2)NC(c1ccccc1)C(F)(F)F,BAO_0000219,B,,,0
CHEMBL4636808,N#CC(NC(=O)Nc1c2c(cc3c1CCC3)CCC2)c1ccccc1,BAO_0000219,B,,,0
CHEMBL4642066,Cc1ccc(S(=O)(=O)NC(=O)Nc2c3c(cc4c2CCC4)CCC3)cc1,BAO_0000219,B,,7.82,0
CHEMBL4640151,O=C(Nc1c2c(cc3c1CCC3)CCC2)NS(=O)(=O)c1ccccc1,BAO_0000219,B,,7.46,0
CHEMBL3183703,CC(C)(O)c1coc(S(=O)(=O)NC(=O)Nc2c3c(cc4c2CCC4)CCC3)c1,BAO_0000219,B,,8.1,1
CHEMBL4647621,N#CN=S(=O)(NC(=O)Nc1c2c(cc3c1CCC3)CCC2)c1ccccc1,BAO_0000219,B,,7.68,0
CHEMBL4634682,CN=S(=O)(NC(=O)Nc1c2c(cc3c1CCC3)CCC2)c1ccc(C)cc1,BAO_0000219,B,,,0
CHEMBL4644865,Cc1ccc(S(=O)(=NCC(F)(F)F)NC(=O)Nc2c3c(cc4c2CCC4)CCC3)cc1,BAO_0000219,B,,,0
CHEMBL4649429,CON=S(=O)(NC(=O)Nc1c2c(cc3c1CCC3)CCC2)c1ccc(C)cc1,BAO_0000219,B,,,0
CHEMBL4646037,Cc1ccc(S(=O)(=Nc2ccc(F)cc2)NC(=O)Nc2c3c(cc4c2CCC4)CCC3)cc1,BAO_0000219,B,,,0
CHEMBL4643062,Cc1ccc(S(=O)(=Nc2ccn[nH]2)NC(=O)Nc2c3c(cc4c2CCC4)CCC3)cc1,BAO_0000219,B,,,0
CHEMBL4637610,Cc1ccc(S(=O)(=NC(N)=O)NC(=O)Nc2c3c(cc4c2CCC4)CCC3)cc1,BAO_0000219,B,,,0
CHEMBL4644503,CCOC(=O)N=S(=O)(NC(=O)Nc1c2c(cc3c1CCC3)CCC2)c1ccc(C)cc1,BAO_0000219,B,,,0
CHEMBL4635816,CC(=O)N=S(=O)(NC(=O)Nc1c2c(cc3c1CCC3)CCC2)c1ccc(C)cc1,BAO_0000219,B,,,0
CHEMBL4644835,Cc1ccc(S(=O)(=NC#N)NC(=O)Nc2c3c(cc4c2CCC4)CCC3)cc1F,BAO_0000219,B,,8.28,0
CHEMBL4643205,N#CN=S(=O)(NC(=O)Nc1c2c(cc3c1CCC3)CCC2)c1ccc(C#N)cc1,BAO_0000219,B,,7.47,0
CHEMBL4641961,N#CN=S(=O)(NC(=O)Nc1c2c(cc3c1CCC3)CCC2)c1cccc(C#N)c1,BAO_0000219,B,,7.93,0
CHEMBL4646271,N#CN=S(=O)(NC(=O)Nc1c2c(cc3c1CCC3)CCC2)c1ccncc1,BAO_0000219,B,,6.96,0
CHEMBL4636825,N#CN=S(=O)(NC(=O)Nc1c2c(cc3c1CCC3)CCC2)c1cccnc1,BAO_0000219,B,,7.44,0
CHEMBL4649141,N#CN=S(=O)(NC(=O)Nc1c2c(cc3c1CCC3)CCC2)c1ccccn1,BAO_0000219,B,,7.64,0
CHEMBL4647321,Cc1ccc(S(=O)(=NC#N)NC(=O)Nc2c3c(cc4c2CCC4)CCC3)cc1,BAO_0000219,B,,,0
CHEMBL4647621,N#CN=S(=O)(NC(=O)Nc1c2c(cc3c1CCC3)CCC2)c1ccccc1,BAO_0000219,B,,,0
CHEMBL4644835,Cc1ccc(S(=O)(=NC#N)NC(=O)Nc2c3c(cc4c2CCC4)CCC3)cc1F,BAO_0000219,B,,,0
CHEMBL4643205,N#CN=S(=O)(NC(=O)Nc1c2c(cc3c1CCC3)CCC2)c1ccc(C#N)cc1,BAO_0000219,B,,,0
CHEMBL4641961,N#CN=S(=O)(NC(=O)Nc1c2c(cc3c1CCC3)CCC2)c1cccc(C#N)c1,BAO_0000219,B,,,0
CHEMBL4646271,N#CN=S(=O)(NC(=O)Nc1c2c(cc3c1CCC3)CCC2)c1ccncc1,BAO_0000219,B,,,0
CHEMBL4636825,N#CN=S(=O)(NC(=O)Nc1c2c(cc3c1CCC3)CCC2)c1cccnc1,BAO_0000219,B,,,0
CHEMBL4649141,N#CN=S(=O)(NC(=O)Nc1c2c(cc3c1CCC3)CCC2)c1ccccn1,BAO_0000219,B,,,0
CHEMBL4635308,C/C(=N\NS(=O)(=O)c1ccc(C)cc1)c1nc2ccccc2o1,BAO_0000219,B,,4.86,0
CHEMBL4648131,COc1ccc(S(=O)(=O)N/N=C(\C)c2nc3ccccc3o2)cc1,BAO_0000219,B,,5.12,0
CHEMBL129795,O=C(/C=C/c1ccc(O)cc1)c1ccc(O)cc1O,BAO_0000219,B,,5.0,0
CHEMBL461939,O=C(O)c1ccc(/C=C2\SC(=S)N(c3cccc(C(F)(F)F)c3)C2=O)cc1,BAO_0000019,B,,5.19,0
CHEMBL4649793,CN1CCN(C(=O)c2ccc(/C=C3\SC(=S)N(c4cccc(C(F)(F)F)c4)C3=O)cc2)CC1,BAO_0000019,B,,5.57,0
CHEMBL4636050,O=C(c1ccc(/C=C2\SC(=S)N(c3cccc(C(F)(F)F)c3)C2=O)cc1)N1CCOCC1,BAO_0000019,B,,5.56,0
CHEMBL4643934,O=C(c1ccc(/C=C2\SC(=S)N(c3cccc(C(F)(F)F)c3)C2=O)cc1)N1CCC(O)CC1,BAO_0000019,B,,5.61,0
CHEMBL4634233,CN1CCN(C(=O)c2ccc(/C=C3\SC(=S)N(c4cccc(OC(F)(F)F)c4)C3=O)cc2)CC1,BAO_0000019,B,,5.59,0
CHEMBL4641564,O=C(c1ccc(/C=C2\SC(=S)N(c3cccc(OC(F)(F)F)c3)C2=O)cc1)N1CCOCC1,BAO_0000019,B,,5.5,0
CHEMBL4639190,CN1CCN(C(=O)c2ccc(/C=C3\SC(=S)N(c4cccc([N+](=O)[O-])c4)C3=O)cc2)CC1,BAO_0000019,B,,5.53,0
CHEMBL4642387,O=C(Nc1ccccc1)c1ccc(/C=C2\SC(=S)N(c3cccc(C(F)(F)F)c3)C2=O)cc1,BAO_0000019,B,,,0
CHEMBL488823,O=C(O)c1ccc(/C=C2\SC(=S)N(Cc3cccc(C(F)(F)F)c3)C2=O)cc1,BAO_0000019,B,,5.62,0
CHEMBL4636870,O=C(O)c1ccc(/C=C2\SC(=S)N(CCc3cccc(C(F)(F)F)c3)C2=O)cc1,BAO_0000019,B,,5.23,0
CHEMBL4649372,O=C(O)c1ccc(/C=C2\SC(=S)N(CCCc3cccc(C(F)(F)F)c3)C2=O)cc1,BAO_0000019,B,,5.37,0
CHEMBL4643594,O=C1/C(=C/c2ccc(-c3nnn[nH]3)cc2)SC(=S)N1Cc1cccc(C(F)(F)F)c1,BAO_0000019,B,,5.25,0
CHEMBL4647571,O=C1/C(=C/c2ccc(-c3nnn[nH]3)cc2)SC(=S)N1CCc1cccc(C(F)(F)F)c1,BAO_0000019,B,,5.19,0
CHEMBL4641361,O=C1/C(=C/c2ccc(-c3nnn[nH]3)cc2)SC(=S)N1CCCc1cccc(C(F)(F)F)c1,BAO_0000019,B,,5.31,0
CHEMBL4646548,CN1CCN(C(=O)c2ccc(/C=C3\SC(=S)N(Cc4cccc(C(F)(F)F)c4)C3=O)cc2)CC1,BAO_0000019,B,,,0
CHEMBL4644329,O=C(O)c1ccc(/C=C2\SC(=O)N(Cc3cccc(C(F)(F)F)c3)C2=O)cc1,BAO_0000019,B,,5.22,0
CHEMBL4632676,O=C1S/C(=C\c2ccc(-c3nnn[nH]3)cc2)C(=O)N1Cc1cccc(C(F)(F)F)c1,BAO_0000019,B,,5.25,0
CHEMBL4641183,O=C(O)c1ccc(/C=C2\SC(=S)N(Cc3cccc(OC(F)(F)F)c3)C2=O)cc1,BAO_0000019,B,,,0
CHEMBL4639758,O=C(O)c1ccc(/C=C2\SC(=S)N(Cc3cccc(F)c3)C2=O)cc1,BAO_0000019,B,,5.45,0
CHEMBL4646705,O=C(O)c1ccc(/C=C2\SC(=S)N(Cc3cccnc3)C2=O)cc1,BAO_0000019,B,,5.2,0
CHEMBL4647496,O=C(O)c1ccc(/C=C2\SC(=S)N(Cc3ccc(-c4ccccc4)cc3)C2=O)cc1,BAO_0000019,B,,5.12,0
CHEMBL4752523,O=C(Nc1c2c(cc3c1CCC3)CCC2)NS(=O)(=O)/C=C/c1nccs1,BAO_0000219,B,,,0
CHEMBL4752523,O=C(Nc1c2c(cc3c1CCC3)CCC2)NS(=O)(=O)/C=C/c1nccs1,BAO_0000219,B,,7.48,0
CHEMBL4752523,O=C(Nc1c2c(cc3c1CCC3)CCC2)NS(=O)(=O)/C=C/c1nccs1,BAO_0000219,B,,7.62,0
CHEMBL4752523,O=C(Nc1c2c(cc3c1CCC3)CCC2)NS(=O)(=O)/C=C/c1nccs1,BAO_0000219,B,,7.58,0
CHEMBL3183703,CC(C)(O)c1coc(S(=O)(=O)NC(=O)Nc2c3c(cc4c2CCC4)CCC3)c1,BAO_0000219,B,,8.1,1
CHEMBL4792478,CC(C)(O)c1coc(/C=C/S(=O)(=O)NC(=O)Nc2c3c(cc4c2CCC4)CCC3)c1,BAO_0000219,B,,6.68,0
CHEMBL4758640,O=C(Nc1c2c(cc3c1CCC3)CCC2)NS(=O)(=O)/C=C/c1cccs1,BAO_0000219,B,,7.16,0
CHEMBL4756798,O=C(Nc1c2c(cc3c1CCC3)CCC2)NS(=O)(=O)/C=C/c1ccsc1,BAO_0000219,B,,7.02,0
CHEMBL4778322,O=C(Nc1c2c(cc3c1CCC3)CCC2)NS(=O)(=O)/C=C/c1ccncc1,BAO_0000219,B,,6.79,0
CHEMBL4744515,O=C(Nc1c2c(cc3c1CCC3)CCC2)NS(=O)(=O)/C=C/c1ccccn1,BAO_0000219,B,,6.0,0
CHEMBL4752523,O=C(Nc1c2c(cc3c1CCC3)CCC2)NS(=O)(=O)/C=C/c1nccs1,BAO_0000219,B,,7.46,0
CHEMBL4759516,Cc1csc(/C=C/S(=O)(=O)NC(=O)Nc2c3c(cc4c2CCC4)CCC3)n1,BAO_0000219,B,,7.12,0
CHEMBL4760079,Cc1cnc(/C=C/S(=O)(=O)NC(=O)Nc2c3c(cc4c2CCC4)CCC3)s1,BAO_0000219,B,,5.97,0
CHEMBL4756693,O=C(Nc1c2c(cc3c1CCC3)CCC2)NS(=O)(=O)/C=C/c1cncs1,BAO_0000219,B,,6.9,0
CHEMBL4795321,O=C(Nc1c2c(cc3c1CCC3)CCC2)NS(=O)(=O)/C=C/c1cscn1,BAO_0000219,B,,6.43,0
CHEMBL4742825,CC(C)(O)c1csc(/C=C/S(=O)(=O)NC(=O)Nc2c3c(cc4c2CCC4)CCC3)n1,BAO_0000219,B,,6.85,0
CHEMBL4753623,O=C(Nc1c2c(cc3c1CCC3)CCC2)NS(=O)(=O)/C=C/c1nc(CO)cs1,BAO_0000219,B,,6.51,0
CHEMBL4745667,CCSCc1csc(/C=C/S(=O)(=O)NC(=O)Nc2c3c(cc4c2CCC4)CCC3)n1,BAO_0000219,B,,7.03,0
CHEMBL4778164,CC[S+]([O-])Cc1csc(/C=C/S(=O)(=O)NC(=O)Nc2c3c(cc4c2CCC4)CCC3)n1,BAO_0000219,B,,6.61,0
CHEMBL4791679,CCS(=O)(=O)Cc1csc(/C=C/S(=O)(=O)NC(=O)Nc2c3c(cc4c2CCC4)CCC3)n1,BAO_0000219,B,,7.1,0
CHEMBL4758006,CN(C)C(=O)c1csc(/C=C/S(=O)(=O)NC(=O)Nc2c3c(cc4c2CCC4)CCC3)n1,BAO_0000219,B,,6.46,0
CHEMBL4763529,O=C(Nc1c2c(cc3c1CCC3)CCC2)NS(=O)(=O)/C=C/c1nc2ccccc2s1,BAO_0000219,B,,,0
CHEMBL4751187,Cc1c2c(c(NC(=O)NS(=O)(=O)/C=C/c3nccs3)c3c1CCC3)CCC2,BAO_0000219,B,,6.53,0
CHEMBL4755384,O=C(Nc1c2c(cc3c1OCC3)OCC2)NS(=O)(=O)/C=C/c1nccs1,BAO_0000219,B,,,0
CHEMBL4753197,CC(C)c1cccc(C(C)C)c1NC(=O)NS(=O)(=O)/C=C/c1nccs1,BAO_0000219,B,,,0
CHEMBL4745706,COc1cccc(OC)c1NC(=O)NS(=O)(=O)/C=C/c1nccs1,BAO_0000219,B,,,0
CHEMBL4797652,O=C(Nc1c(F)cccc1C(F)(F)F)NS(=O)(=O)/C=C/c1nccs1,BAO_0000219,B,,,0
CHEMBL4777050,O=C(Nc1cc(C(F)(F)F)ccc1C(F)(F)F)NS(=O)(=O)/C=C/c1nccs1,BAO_0000219,B,,,0
CHEMBL4748040,O=C(Nc1ccccc1C(F)(F)F)NS(=O)(=O)/C=C/c1nccs1,BAO_0000219,B,,,0
CHEMBL4782757,Cc1cc(C)c(C)c(NC(=O)NS(=O)(=O)/C=C/c2nccs2)c1C,BAO_0000219,B,,,0
CHEMBL4750616,CC(C)(O)c1coc(S(=O)(=O)[N-]C(=O)Nc2c3c(cc4c2CCC4)CCC3)c1.[Na+],BAO_0000219,B,,7.52,0
CHEMBL4786282,CC(C)(O)c1coc(S(=O)(=O)NC(=O)Nc2cccc3c2CCC3)c1,BAO_0000219,B,,,0
CHEMBL4797667,CC(C)(O)c1coc(S(=O)(=O)[N-]C(=O)Nc2ccccc2)c1.[K+],BAO_0000219,B,,,0
CHEMBL4741204,O=C([N-]S(=O)(=O)c1ccco1)Nc1c2c(cc3c1CCC3)CCC2.[K+],BAO_0000219,B,,6.35,0
CHEMBL4760323,O=C([N-]S(=O)(=O)c1ccccc1)Nc1c2c(cc3c1CCC3)CCC2.[Na+],BAO_0000219,B,,5.75,0
CHEMBL4795430,CS(=O)(=O)[N-]C(=O)Nc1c2c(cc3c1CCC3)CCC2.[Na+],BAO_0000219,B,,5.55,0
CHEMBL4748564,O=C(O)CC(=O)Nc1c2c(cc3c1CCC3)CCC2,BAO_0000219,B,,,0
CHEMBL4749848,COC(=O)CC(=O)Nc1c2c(cc3c1CCC3)CCC2,BAO_0000219,B,,,0
CHEMBL4756014,O=C(CS(=O)(=O)Nc1ccccc1)Nc1c2c(cc3c1CCC3)CCC2,BAO_0000219,B,,,0
CHEMBL4745189,O=C(CNS(=O)(=O)c1ccccc1)Nc1c2c(cc3c1CCC3)CCC2,BAO_0000219,B,,,0
CHEMBL4785852,O=C(O)CNC(=O)Nc1c2c(cc3c1CCC3)CCC2,BAO_0000219,B,,,0
CHEMBL4764712,COC(=O)CNC(=O)Nc1c2c(cc3c1CCC3)CCC2,BAO_0000219,B,,5.17,0
CHEMBL4795130,CCOC(=O)CNC(=O)Nc1c2c(cc3c1CCC3)CCC2,BAO_0000219,B,,5.8,0
CHEMBL4786342,CC(C)OC(=O)CNC(=O)Nc1c2c(cc3c1CCC3)CCC2,BAO_0000219,B,,5.75,0
CHEMBL4780080,CC(C)(C)OC(=O)CNC(=O)Nc1c2c(cc3c1CCC3)CCC2,BAO_0000219,B,,,0
CHEMBL4754580,CNC(=O)CNC(=O)Nc1c2c(cc3c1CCC3)CCC2,BAO_0000219,B,,,0
CHEMBL4784022,CN(C)C(=O)CNC(=O)Nc1c2c(cc3c1CCC3)CCC2,BAO_0000219,B,,,0
CHEMBL4755720,Cc1nc(CNC(=O)Nc2c3c(cc4c2CCC4)CCC3)no1,BAO_0000219,B,,,0
CHEMBL4744580,Cc1nnc(CNC(=O)Nc2c3c(cc4c2CCC4)CCC3)o1,BAO_0000219,B,,,0
CHEMBL4765040,CCOC(=O)CNC(=O)Nc1c2c(cc3c1CCC3)CCCC2,BAO_0000219,B,,,0
CHEMBL4789355,CCOC(=O)CNC(=O)Nc1cc2c(c3c1CCCC3)CCC2,BAO_0000219,B,,5.51,0
CHEMBL4797478,CCOC(=O)CNC(=O)Nc1c2c(c(Cl)c3c1CCC3)CCC2,BAO_0000219,B,,,0
CHEMBL4783425,CCOC(=O)CNC(=O)Nc1c2c(nc3c1CCC3)CCC2,BAO_0000219,B,,,0
CHEMBL4749410,COC(=O)CNC(=O)Nc1c(C(C)C)cccc1C(C)C,BAO_0000219,B,,,0
CHEMBL4764240,CCOC(=O)CNC(=O)Nc1c(C)cccc1C,BAO_0000219,B,,,0
CHEMBL1980395,CCOC(=O)CNC(=O)NC12CC3CC(CC(C3)C1)C2,BAO_0000219,B,,,0
CHEMBL4741383,CCOC(=O)CNC(=O)NC(c1ccccc1)c1ccccc1,BAO_0000219,B,,,0
CHEMBL4750067,COC(=O)C(C)(C)NC(=O)Nc1c2c(cc3c1CCC3)CCC2,BAO_0000219,B,,,0
CHEMBL4744726,COC(=O)C(Cc1ccccc1)NC(=O)Nc1c2c(cc3c1CCC3)CCC2,BAO_0000219,B,,4.85,0
CHEMBL4742164,COC(=O)[C@H](Cc1ccccc1)NC(=O)Nc1c2c(cc3c1CCC3)CCC2,BAO_0000219,B,,,0
CHEMBL4757956,COC(=O)[C@@H](Cc1ccccc1)NC(=O)Nc1c2c(cc3c1CCC3)CCC2,BAO_0000219,B,,5.21,0
CHEMBL4762837,COC(=O)C(CCc1ccccc1)NC(=O)Nc1c2c(cc3c1CCC3)CCC2,BAO_0000219,B,,,0
CHEMBL4794211,COC(=O)C(Cc1ccccc1O)NC(=O)Nc1c2c(cc3c1CCC3)CCC2,BAO_0000219,B,,5.6,0
CHEMBL4757554,COC(=O)C(Cc1cccc(O)c1)NC(=O)Nc1c2c(cc3c1CCC3)CCC2,BAO_0000219,B,,5.7,0
CHEMBL4799541,COC(=O)[C@@H](Cc1ccc(O)cc1)NC(=O)Nc1c2c(cc3c1CCC3)CCC2,BAO_0000219,B,,5.57,0
CHEMBL4795765,COC(=O)[C@@H](Cc1cccc(C#N)c1)NC(=O)Nc1c2c(cc3c1CCC3)CCC2,BAO_0000219,B,,5.82,0
CHEMBL4764722,COC(=O)[C@@H](Cc1ccc(C#N)cc1)NC(=O)Nc1c2c(cc3c1CCC3)CCC2,BAO_0000219,B,,5.82,0
CHEMBL4746193,COC(=O)[C@@H](Cc1ccccn1)NC(=O)Nc1c2c(cc3c1CCC3)CCC2,BAO_0000219,B,,5.38,0
CHEMBL4762524,COC(=O)[C@@H](Cc1cccnc1)NC(=O)Nc1c2c(cc3c1CCC3)CCC2,BAO_0000219,B,,5.82,0
CHEMBL4740907,COC(=O)[C@@H](Cc1ccncc1)NC(=O)Nc1c2c(cc3c1CCC3)CCC2,BAO_0000219,B,,,0
CHEMBL4748876,CCOC(=O)C(Cc1ccncn1)NC(=O)Nc1c2c(cc3c1CCC3)CCC2,BAO_0000219,B,,5.17,0
CHEMBL4786071,COC(=O)[C@@H](Cc1cncnc1)NC(=O)Nc1c2c(cc3c1CCC3)CCC2,BAO_0000219,B,,5.35,0
CHEMBL4760013,COC(=O)[C@@H](Cc1cccnn1)NC(=O)Nc1c2c(cc3c1CCC3)CCC2,BAO_0000219,B,,5.48,0
CHEMBL4744586,CCOC(=O)C(Cc1ccnnc1)NC(=O)Nc1c2c(cc3c1CCC3)CCC2,BAO_0000219,B,,5.22,0
CHEMBL4780624,CCOC(=O)[C@@H](Cc1ncccn1)NC(=O)Nc1c2c(cc3c1CCC3)CCC2,BAO_0000219,B,,7.44,0
CHEMBL4790034,CCOC(=O)[C@@H](Cc1cnccn1)NC(=O)Nc1c2c(cc3c1CCC3)CCC2,BAO_0000219,B,,7.52,0
CHEMBL4750616,CC(C)(O)c1coc(S(=O)(=O)[N-]C(=O)Nc2c3c(cc4c2CCC4)CCC3)c1.[Na+],BAO_0000221,B,,5.54,0
CHEMBL4780624,CCOC(=O)[C@@H](Cc1ncccn1)NC(=O)Nc1c2c(cc3c1CCC3)CCC2,BAO_0000221,B,,6.8,0
CHEMBL4790034,CCOC(=O)[C@@H](Cc1cnccn1)NC(=O)Nc1c2c(cc3c1CCC3)CCC2,BAO_0000221,B,,6.43,0
CHEMBL4750616,CC(C)(O)c1coc(S(=O)(=O)[N-]C(=O)Nc2c3c(cc4c2CCC4)CCC3)c1.[Na+],BAO_0000219,B,,7.55,0
CHEMBL4780624,CCOC(=O)[C@@H](Cc1ncccn1)NC(=O)Nc1c2c(cc3c1CCC3)CCC2,BAO_0000219,B,,7.48,0
CHEMBL4790034,CCOC(=O)[C@@H](Cc1cnccn1)NC(=O)Nc1c2c(cc3c1CCC3)CCC2,BAO_0000219,B,,6.7,0
CHEMBL140,COc1cc(/C=C/C(=O)CC(=O)/C=C/c2ccc(O)c(OC)c2)ccc1O,BAO_0000221,B,,4.62,0
CHEMBL4782189,COc1c(/C=C/C(=O)c2ccccc2)cc(OC)c2occc12,BAO_0000221,B,,5.89,0
CHEMBL4798966,CC1=C2CC[C@@](C)(O)[C@@H]2[C@H]2OC(=O)[C@@H](CN(C)CCCOc3no[n+]([O-])c3S(=O)(=O)c3ccccc3)[C@@H]2CC1,BAO_0000219,B,,5.64,0
CHEMBL4781662,CC1=C2CC[C@@](C)(O)[C@@H]2[C@H]2OC(=O)[C@@H](CN(C)CCOc3no[n+]([O-])c3S(=O)(=O)c3ccccc3)[C@@H]2CC1,BAO_0000219,B,,5.77,0
CHEMBL4756259,C/C1=C\CC[C@]2(C)O[C@@H]2[C@H]2OC(=O)[C@@H](CN(C)CCCOc3no[n+]([O-])c3S(=O)(=O)c3ccccc3)[C@@H]2CC1,BAO_0000219,B,,5.66,0
CHEMBL4740148,C/C1=C\CC[C@]2(C)O[C@@H]2[C@H]2OC(=O)[C@@H](CN(C)CCOc3no[n+]([O-])c3S(=O)(=O)c3ccccc3)[C@@H]2CC1,BAO_0000219,B,,6.0,0
CHEMBL449579,C=C1C(=O)O[C@H]2[C@H]1CCC(C)=C1CC[C@@](C)(O)[C@@H]12,BAO_0000219,B,,5.23,0
CHEMBL299112,O=S(=O)(c1ccccc1)c1no[n+]([O-])c1S(=O)(=O)c1ccccc1,BAO_0000219,B,,5.72,0
CHEMBL4781244,C=C1C(=O)O[C@@H]2[C@H]3O[C@@]3(C)CC/C=C(\C)CC[C@@H]12,BAO_0000219,B,,5.75,0
CHEMBL3183703,CC(C)(O)c1coc(S(=O)(=O)NC(=O)Nc2c3c(cc4c2CCC4)CCC3)c1,BAO_0000221,B,,8.09,1
CHEMBL4796009,CS(=O)(=O)N1CCCc2ccc(N(S(=O)(=O)c3ccccc3[N+](=O)[O-])S(=O)(=O)c3ccccc3[N+](=O)[O-])cc21,BAO_0000221,B,,4.86,0
CHEMBL4795253,CC(=O)c1ccc(S(=O)(=O)N(c2ccc3c(c2)N(S(C)(=O)=O)CCC3)S(=O)(=O)c2ccc(C(C)=O)cc2)cc1,BAO_0000221,B,,5.11,0
CHEMBL4792984,CS(=O)(=O)N1CCCc2ccc(N(S(=O)(=O)c3ccc(-c4ccccc4)cc3)S(=O)(=O)c3ccc(-c4ccccc4)cc3)cc21,BAO_0000221,B,,4.83,0
CHEMBL4786963,CC(C)(C)c1ccc(S(=O)(=O)N(c2ccc3c(c2)N(S(C)(=O)=O)CCC3)S(=O)(=O)c2ccc(C(C)(C)C)cc2)cc1,BAO_0000221,B,,5.01,0
CHEMBL4798266,CCCCS(=O)(=O)N(c1ccc2c(c1)N(S(C)(=O)=O)CCC2)S(=O)(=O)CCCC,BAO_0000221,B,,4.83,0
CHEMBL4781934,CS(=O)(=O)N1CCCc2ccc(N(S(=O)(=O)CCN3C(=O)c4ccccc4C3=O)S(=O)(=O)CCN3C(=O)c4ccccc4C3=O)cc21,BAO_0000221,B,,4.93,0
CHEMBL3183703,CC(C)(O)c1coc(S(=O)(=O)NC(=O)Nc2c3c(cc4c2CCC4)CCC3)c1,BAO_0000221,B,,8.09,1
CHEMBL4854135,CC(C)c1cccc2c1CC(=O)NS(=O)(=O)c1nn(cc1F)C(C)(C)COc1cc-2ccn1,BAO_0000221,B,,,0
CHEMBL4849674,CC(C)c1cccc2c1CC(=O)NS(=O)(=O)c1cnn(c1)C(C)(C)COc1cc-2ccn1,BAO_0000221,B,,,0
CHEMBL4866852,CC(C)c1cc(F)cc2c1CC(=O)NS(=O)(=O)c1cnn(c1)C(C)(C)COc1cc-2ccn1,BAO_0000221,B,,,0
CHEMBL4874656,COc1cn2nc1S(=O)(=O)NC(=O)Cc1c(cccc1C(C)C)-c1ccnc(c1)OCC2(C)C,BAO_0000221,B,,,0
CHEMBL4850095,CC(C)c1cccc2c1CC(=O)NS(=O)(=O)c1cnn(c1)C1(CC1)COc1cc-2ccn1,BAO_0000221,B,,,0
CHEMBL4862114,CC(C)c1cc(F)c(F)c2c1CC(=O)NS(=O)(=O)c1nn(cc1F)C(C)(C)COc1cc-2ccn1,BAO_0000221,B,,,0
CHEMBL4861331,CC(C)c1cc(F)c(F)c2c1CC(=O)NS(=O)(=O)c1cnn(c1)C(C)(C)COc1cc-2ccn1,BAO_0000221,B,,,0
CHEMBL4859990,CC(C)c1c(F)c(F)cc2c1CC(=O)NS(=O)(=O)c1cnn(c1)C(C)(C)COc1cc-2ccn1,BAO_0000221,B,,,0
CHEMBL4854135,CC(C)c1cccc2c1CC(=O)NS(=O)(=O)c1nn(cc1F)C(C)(C)COc1cc-2ccn1,BAO_0000221,B,,,0
CHEMBL4849674,CC(C)c1cccc2c1CC(=O)NS(=O)(=O)c1cnn(c1)C(C)(C)COc1cc-2ccn1,BAO_0000221,B,,,0
CHEMBL4866852,CC(C)c1cc(F)cc2c1CC(=O)NS(=O)(=O)c1cnn(c1)C(C)(C)COc1cc-2ccn1,BAO_0000221,B,,,0
CHEMBL4874656,COc1cn2nc1S(=O)(=O)NC(=O)Cc1c(cccc1C(C)C)-c1ccnc(c1)OCC2(C)C,BAO_0000221,B,,,0
CHEMBL4850095,CC(C)c1cccc2c1CC(=O)NS(=O)(=O)c1cnn(c1)C1(CC1)COc1cc-2ccn1,BAO_0000221,B,,,0
CHEMBL4862114,CC(C)c1cc(F)c(F)c2c1CC(=O)NS(=O)(=O)c1nn(cc1F)C(C)(C)COc1cc-2ccn1,BAO_0000221,B,,,0
CHEMBL4861331,CC(C)c1cc(F)c(F)c2c1CC(=O)NS(=O)(=O)c1cnn(c1)C(C)(C)COc1cc-2ccn1,BAO_0000221,B,,,0
CHEMBL4859990,CC(C)c1c(F)c(F)cc2c1CC(=O)NS(=O)(=O)c1cnn(c1)C(C)(C)COc1cc-2ccn1,BAO_0000221,B,,,0
CHEMBL4538032,C=C(Cc1ccccc1Cl)C(=O)NCCc1ccc(S(N)(=O)=O)cc1,BAO_0000357,B,,4.13,1
CHEMBL3183703,CC(C)(O)c1coc(S(=O)(=O)NC(=O)Nc2c3c(cc4c2CCC4)CCC3)c1,BAO_0000219,B,,7.89,0
CHEMBL5184899,O=C(Nc1c2c(cc3c1CCC3)CCC2)NS(=O)(=O)c1ccc(Cl)c2nonc12,BAO_0000219,B,,6.84,0
CHEMBL5184033,CN(C)c1ccc(S(=O)(=O)NC(=O)Nc2c3c(cc4c2CCC4)CCC3)c2nonc12,BAO_0000219,B,,7.22,0
CHEMBL5179909,CC(C)(C)OC(=O)NC1CN(c2ccc(S(=O)(=O)NC(=O)Nc3c4c(cc5c3CCC5)CCC4)c3nonc23)C1,BAO_0000219,B,,6.02,0
CHEMBL5184563,O=C(Nc1c2c(cc3c1CCC3)CCC2)NS(=O)(=O)c1ccc(N2CCOCC2)c2nonc12,BAO_0000219,B,,6.97,0
CHEMBL5189690,O=C(Nc1c2c(cc3c1CCC3)CCC2)NS(=O)(=O)c1ccc(N2C[C@@H]3[C@@H](CO)[C@@H]3C2)c2nonc12,BAO_0000219,B,,6.19,0
CHEMBL5188246,O=C(Nc1c2c(cc3c1CCC3)CCC2)NS(=O)(=O)c1ccc(N2CC3CCC(C2)O3)c2nonc12,BAO_0000219,B,,6.61,0
CHEMBL5183540,O=C(Nc1c2c(cc3c1CCC3)CCC2)NS(=O)(=O)c1ccc(NC2CC(F)(F)C2)c2nonc12,BAO_0000219,B,,6.61,0
CHEMBL5170114,O=C(Nc1c2c(cc3c1CCC3)CCC2)NS(=O)(=O)c1ccc(N2CCN(CCO)CC2)c2nonc12,BAO_0000219,B,,5.62,0
CHEMBL5207305,CN(C)[C@@H]1CCCC[C@H]1N(C)c1ccc(S(=O)(=O)NC(=O)Nc2c3c(cc4c2CCC4)CCC3)c2nonc12,BAO_0000219,B,,6.2,0
CHEMBL5188490,CSc1ccc(S(=O)(=O)NC(=O)Nc2c3c(cc4c2CCC4)CCC3)c2nonc12,BAO_0000219,B,,7.21,0
CHEMBL5207084,CN(C)c1cccc2c(S(=O)(=O)NC(=O)Nc3c4c(cc5c3CCC5)CCC4)cccc12,BAO_0000219,B,,5.04,0
CHEMBL5207889,CN(C)c1ccc(S(=O)(=O)NC(=O)Nc2c3c(cc4c2CCC4)CCC3)c2nsnc12,BAO_0000219,B,,7.31,0
CHEMBL5187589,CN(C)c1ccc(S(=O)(=O)NC(=O)Nc2c3c(cc4c2CCC4)CCC3)c2n[se]nc12,BAO_0000219,B,,7.0,0
CHEMBL5180041,O=C(Cc1ccc2cc[nH]c2c1)Nc1cccc(O)c1,BAO_0000219,B,,7.11,0
CHEMBL5180066,O=C(Cn1ccc2ccccc2c1=O)Nc1cccc(O)c1,BAO_0000219,B,,5.3,0
CHEMBL5181056,O=C(Cc1ccc2ncccc2c1)Nc1cccc(O)c1,BAO_0000219,B,,,0
CHEMBL5197232,O=C(Cc1ccc2c(c1)CCO2)Nc1cccc(O)c1,BAO_0000219,B,,,0
CHEMBL5205740,O=C(Cc1ccc2c(c1)OCO2)Nc1cccc(O)c1,BAO_0000219,B,,,0
CHEMBL5185975,O=C(Cc1cccc2ccccc12)Nc1cccc(O)c1,BAO_0000219,B,,,0
CHEMBL5176529,O=C(Cc1ccc2ccccc2c1)Nc1cccc(O)c1,BAO_0000219,B,,5.79,0
CHEMBL5172367,CS(=O)(=O)Nc1ccc(CC(=O)Nc2cccc(O)c2)cc1,BAO_0000219,B,,,0
CHEMBL5205443,CC(=O)Nc1ccc(CC(=O)Nc2cccc(O)c2)cc1,BAO_0000219,B,,5.44,0
CHEMBL5192979,O=C(Cc1ccc([N+](=O)[O-])cc1)Nc1cccc(O)c1,BAO_0000219,B,,,0
CHEMBL5196080,CS(=O)(=O)c1ccc(CC(=O)Nc2cccc(O)c2)cc1,BAO_0000219,B,,,0
CHEMBL5209496,O=C(Cc1ccc(OC(F)F)cc1)Nc1cccc(O)c1,BAO_0000219,B,,6.42,0
CHEMBL5203191,O=C(Cc1ccc(OC(F)(F)F)cc1)Nc1cccc(O)c1,BAO_0000219,B,,5.63,0
CHEMBL5204941,O=C(Cc1ccc(C(F)(F)F)cc1)Nc1cccc(O)c1,BAO_0000219,B,,5.96,0
CHEMBL5197960,O=C(Cc1ccc(Br)cc1)Nc1cccc(O)c1,BAO_0000219,B,,6.19,0
CHEMBL5190096,O=C(Cc1ccc(Cl)cc1)Nc1cccc(O)c1,BAO_0000219,B,,5.4,0
CHEMBL5176442,O=C(Cc1ccc(F)cc1)Nc1cccc(O)c1,BAO_0000219,B,,,0
CHEMBL5184988,O=C(Cc1ccc(-c2ccccc2)cc1)Nc1cccc(O)c1,BAO_0000219,B,,,0
CHEMBL5190030,CCCCCc1ccc(CC(=O)Nc2cccc(O)c2)cc1,BAO_0000219,B,,,0
CHEMBL5202880,COc1ccc(CC(=O)Nc2cccc(N)c2)cc1,BAO_0000219,B,,,0
CHEMBL5192602,COC(=O)c1cccc(NC(=O)Cc2ccc(OC)cc2)c1,BAO_0000219,B,,,0
CHEMBL5197222,COc1ccc(CC(=O)Nc2cccc(C(=O)O)c2)cc1,BAO_0000219,B,,,0
CHEMBL5198156,COc1ccc(CC(=O)Nc2ccccc2)cc1,BAO_0000219,B,,,0
CHEMBL5172364,COc1ccc(CC(=O)Nc2cccc(B(O)O)c2)cc1,BAO_0000219,B,,5.5,0
CHEMBL5208173,CC(C)(C)c1ccc(CC(=O)Nc2cccc(O)c2)cc1,BAO_0000219,B,,4.91,0
CHEMBL5196575,CC(C)c1ccc(CC(=O)Nc2cccc(O)c2)cc1,BAO_0000219,B,,6.75,0
CHEMBL5207805,CCCc1ccc(CC(=O)Nc2cccc(O)c2)cc1,BAO_0000219,B,,5.66,0
CHEMBL5172825,Cc1ccc(CC(=O)Nc2cccc(O)c2)cc1,BAO_0000219,B,,5.55,0
CHEMBL5182880,O=C(Cc1ccc(OCc2ccccc2)cc1)Nc1cccc(O)c1,BAO_0000219,B,,,0
CHEMBL5201588,CCOc1ccc(CC(=O)Nc2cccc(O)c2)cc1,BAO_0000219,B,,6.41,0
CHEMBL5170851,O=C(Cc1ccc(O)cc1)Nc1cccc(O)c1,BAO_0000219,B,,,0
CHEMBL5182226,COc1cccc(CC(=O)Nc2cccc(O)c2)c1,BAO_0000219,B,,,0
CHEMBL5204151,COc1ccccc1CC(=O)Nc1cccc(O)c1,BAO_0000219,B,,,0
CHEMBL211693,O=C(Cc1ccccc1)Nc1cccc(O)c1,BAO_0000219,B,,,0
CHEMBL5169525,COc1ccc(CC(=O)Nc2ccc3c(c2)OC(F)(F)O3)cc1,BAO_0000219,B,,,0
CHEMBL5208282,COc1ccc(CC(=O)Nc2ccc3c(c2)CNC3=O)cc1,BAO_0000219,B,,,0
CHEMBL5183967,COc1ccc(CC(=O)Nc2ccc3c(c2)C(=O)NC3)cc1,BAO_0000219,B,,,0
CHEMBL5206185,COc1ccc(CC(=O)Nc2ccc3c(c2)COC3=O)cc1,BAO_0000219,B,,,0
CHEMBL5187588,COc1ccc(CC(=O)Nc2cccc(C(C)=O)c2)cc1,BAO_0000219,B,,,0
CHEMBL5184600,COc1ccc(CC(=O)Nc2ccc3c(c2)C(=O)OC3)cc1,BAO_0000219,B,,,0
CHEMBL5205278,COc1ccc(CC(=O)Nc2ccc3c(c2)C(=O)CC3)cc1,BAO_0000219,B,,,0
CHEMBL5183946,COc1ccc(CC(=O)Nc2ccc3c(c2)COC3)cc1,BAO_0000219,B,,,0
CHEMBL5175503,COc1ccc(CC(=O)Nc2ccc3ncoc3c2)cc1,BAO_0000219,B,,,0
CHEMBL5181840,COc1ccc(CC(=O)Nc2cccc(OC(F)F)c2)cc1,BAO_0000219,B,,,0
CHEMBL5190221,COc1ccc(CC(=O)Nc2cccc(OC(F)(F)F)c2)cc1,BAO_0000219,B,,,0
CHEMBL4441031,COc1ccc(CC(=O)Nc2cccc(C(F)(F)F)c2)cc1,BAO_0000219,B,,,0
CHEMBL5192177,COc1ccc(CC(=O)Nc2cccc(Br)c2)cc1,BAO_0000219,B,,,0
CHEMBL5202864,COc1ccc(CC(=O)Nc2cccc(Cl)c2)cc1,BAO_0000219,B,,,0
CHEMBL5189326,COc1ccc(CC(=O)Nc2cccc(F)c2)cc1,BAO_0000219,B,,,0
CHEMBL5192338,COc1ccc(CC(=O)Nc2cccc([N+](=O)[O-])c2)cc1,BAO_0000219,B,,,0
CHEMBL5204576,COc1ccc(CC(=O)Nc2cccc(C)c2)cc1,BAO_0000219,B,,,0
CHEMBL5178097,COc1ccc(CC(=O)Nc2ccc3c(c2)B(O)OC3)cc1,BAO_0000219,B,,,0
CHEMBL5173470,COc1ccc(CC(=O)Nc2cccc(C(C)(C)O)c2)cc1,BAO_0000219,B,,,0
CHEMBL5169347,COc1ccc(CC(=O)Nc2cccc(CO)c2)cc1,BAO_0000219,B,,,0
CHEMBL5196699,COc1ccc(CC(=O)Nc2cccc(OC)c2)cc1,BAO_0000219,B,,,0
CHEMBL1802309,COc1ccc(CC(=O)Nc2ccc(O)cc2)cc1,BAO_0000219,B,,,0
CHEMBL5176135,COc1ccc(CC(=O)Nc2ccccc2O)cc1,BAO_0000219,B,,,0
CHEMBL5186980,COc1ccc(CC(=O)Nc2cccc(O)c2)cc1,BAO_0000219,B,,6.62,0
CHEMBL5197119,COc1ccc(CC(=O)Nc2cccc(S(N)(=O)=O)c2)cc1,BAO_0000219,B,,,0
CHEMBL5187380,O=C(Cc1cc2ccccc2[nH]1)Nc1cccc(O)c1,BAO_0000219,B,,4.88,0
CHEMBL5196600,O=C(Cc1cccc2[nH]ccc12)Nc1cccc(O)c1,BAO_0000219,B,,,0
CHEMBL5171597,O=C(Cc1c[nH]c2ccccc12)Nc1cccc(O)c1,BAO_0000219,B,,,0
CHEMBL5180006,O=C(Cn1ccc2ccccc21)Nc1cccc(O)c1,BAO_0000219,B,,,0
CHEMBL5205674,O=C(Nc1cccc(O)c1)c1ccc2cc[nH]c2c1,BAO_0000219,B,,,0
CHEMBL5186642,O=C(Cc1ccc2cc[nH]c2c1)NCc1cccc(O)c1,BAO_0000219,B,,5.38,0
CHEMBL5192251,O=C(NCc1ccc2cc[nH]c2c1)c1cccc(O)c1,BAO_0000219,B,,,0
CHEMBL5169914,CN(C(=O)Cc1ccc2cc[nH]c2c1)c1cccc(O)c1,BAO_0000219,B,,5.15,0
CHEMBL5180041,O=C(Cc1ccc2cc[nH]c2c1)Nc1cccc(O)c1,BAO_0000219,B,,7.01,0
CHEMBL5180041,O=C(Cc1ccc2cc[nH]c2c1)Nc1cccc(O)c1,BAO_0000219,B,,7.24,0
CHEMBL5190936,Cc1cc(=O)n2nc(Nc3c4c(cc5c3CCC5)CCC4)nc2n1C,BAO_0000219,B,,,0
CHEMBL5173382,Cc1ccn2nc(Nc3c4c(cc5c3CCC5)CCC4)nc2n1,BAO_0000219,B,,,0
CHEMBL5207612,Cc1cc2[nH]c(Nc3c4c(cc5c3CCC5)CCC4)nn2c(=O)n1,BAO_0000219,B,,,0
CHEMBL5182012,Cc1c[nH]c2nc(Nc3c4c(cc5c3CCC5)CCC4)nn2c1=O,BAO_0000219,B,,,0
CHEMBL5203371,Cc1[nH]c2nc(Nc3c4c(cc5c3CCC5)CCC4)nn2c(=O)c1C,BAO_0000219,B,,,0
CHEMBL5174347,Cc1[nH]c2nc(Nc3c4c(cc5c3CCC5)CCC4)nn2c(=O)c1Cc1ccccc1,BAO_0000219,B,,,0
CHEMBL5186145,COc1c(C)[nH]c2nc(Nc3c4c(cc5c3CCC5)CCC4)nn2c1=O,BAO_0000219,B,,,0
CHEMBL5188716,Cc1[nH]c2nc(Nc3c4c(cc5c3CCC5)CCC4)nn2c(=O)c1C#N,BAO_0000219,B,,,0
CHEMBL5176441,CCc1cc(=O)n2nc(Nc3c4c(cc5c3CCC5)CCC4)nc2[nH]1,BAO_0000219,B,,5.06,0
CHEMBL5172161,COCCc1cc(=O)n2nc(Nc3c4c(cc5c3CCC5)CCC4)nc2[nH]1,BAO_0000219,B,,5.55,0
CHEMBL5186834,O=c1cc(Cc2ccccc2)[nH]c2nc(Nc3c4c(cc5c3CCC5)CCC4)nn12,BAO_0000219,B,,5.75,0
CHEMBL5203089,O=c1cc(CCc2ccccc2)[nH]c2nc(Nc3c4c(cc5c3CCC5)CCC4)nn12,BAO_0000219,B,,5.47,0
CHEMBL5203803,O=c1cc(C2CCOCC2)[nH]c2nc(Nc3c4c(cc5c3CCC5)CCC4)nn12,BAO_0000219,B,,5.2,0
CHEMBL5169534,O=c1cc(C2CCNCC2)[nH]c2nc(Nc3c4c(cc5c3CCC5)CCC4)nn12,BAO_0000219,B,,,0
CHEMBL5171938,CN1CCC(c2cc(=O)n3nc(Nc4c5c(cc6c4CCC6)CCC5)nc3[nH]2)CC1,BAO_0000219,B,,,0
CHEMBL5189790,O=c1cc(C2CCCNC2)[nH]c2nc(Nc3c4c(cc5c3CCC5)CCC4)nn12,BAO_0000219,B,,,0
CHEMBL5202277,CN1CCCC(c2cc(=O)n3nc(Nc4c5c(cc6c4CCC6)CCC5)nc3[nH]2)C1,BAO_0000219,B,,5.31,0
CHEMBL5172572,O=c1cc(CC2CCCCC2)[nH]c2nc(Nc3c4c(cc5c3CCC5)CCC4)nn12,BAO_0000219,B,,5.35,0
CHEMBL5207651,COc1ccc(Cc2cc(=O)n3nc(Nc4c5c(cc6c4CCC6)CCC5)nc3[nH]2)cc1,BAO_0000219,B,,5.52,0
CHEMBL5174336,O=c1cc(Cc2ccccc2Cl)[nH]c2nc(Nc3c4c(cc5c3CCC5)CCC4)nn12,BAO_0000219,B,Nd(Insoluble),,0
CHEMBL5177768,O=c1cc(Cc2cccc(Cl)c2)[nH]c2nc(Nc3c4c(cc5c3CCC5)CCC4)nn12,BAO_0000219,B,,5.55,0
CHEMBL5171049,O=c1cc(Cc2ccc(Cl)cc2)[nH]c2nc(Nc3c4c(cc5c3CCC5)CCC4)nn12,BAO_0000219,B,,5.0,0
CHEMBL5193439,N#Cc1ccccc1Cc1cc(=O)n2nc(Nc3c4c(cc5c3CCC5)CCC4)nc2[nH]1,BAO_0000219,B,Nd(Insoluble),,0
CHEMBL5208022,N#Cc1cccc(Cc2cc(=O)n3nc(Nc4c5c(cc6c4CCC6)CCC5)nc3[nH]2)c1,BAO_0000219,B,,5.62,0
CHEMBL5192873,N#Cc1ccc(Cc2cc(=O)n3nc(Nc4c5c(cc6c4CCC6)CCC5)nc3[nH]2)cc1,BAO_0000219,B,,5.8,0
CHEMBL5175650,Cc1ccccc1Cc1cc(=O)n2nc(Nc3c4c(cc5c3CCC5)CCC4)nc2[nH]1,BAO_0000219,B,,5.4,0
CHEMBL5203319,O=c1cc(Cc2ccccc2F)[nH]c2nc(Nc3c4c(cc5c3CCC5)CCC4)nn12,BAO_0000219,B,,5.43,0
CHEMBL5200838,O=c1cc(Cc2ccccn2)[nH]c2nc(Nc3c4c(cc5c3CCC5)CCC4)nn12,BAO_0000219,B,,6.58,0
CHEMBL5207270,O=c1cc(Cc2cccnc2)[nH]c2nc(Nc3c4c(cc5c3CCC5)CCC4)nn12,BAO_0000219,B,,5.47,0
CHEMBL5205326,O=c1cc(Cc2ccncc2)[nH]c2nc(Nc3c4c(cc5c3CCC5)CCC4)nn12,BAO_0000219,B,,5.24,0
CHEMBL5199318,O=c1cc(Cc2ncccn2)[nH]c2nc(Nc3c4c(cc5c3CCC5)CCC4)nn12,BAO_0000219,B,,5.77,0
CHEMBL5207526,O=c1cc(CC2CCOC2)[nH]c2nc(Nc3c4c(cc5c3CCC5)CCC4)nn12,BAO_0000219,B,,5.3,0
CHEMBL5205427,O=c1cc(CC2CCCCO2)[nH]c2nc(Nc3c4c(cc5c3CCC5)CCC4)nn12,BAO_0000219,B,,5.72,0
CHEMBL5174838,O=c1cc(CC2CCOCC2)[nH]c2nc(Nc3c4c(cc5c3CCC5)CCC4)nn12,BAO_0000219,B,,5.47,0
CHEMBL5176716,O=c1cc(CN2CCOCC2)[nH]c2nc(Nc3c4c(cc5c3CCC5)CCC4)nn12,BAO_0000219,B,,5.11,0
CHEMBL5192039,O=c1cc(CC2CNCCO2)[nH]c2nc(Nc3c4c(cc5c3CCC5)CCC4)nn12,BAO_0000219,B,,4.7,0
CHEMBL5186769,CN1CCOC(Cc2cc(=O)n3nc(Nc4c5c(cc6c4CCC6)CCC5)nc3[nH]2)C1,BAO_0000219,B,,5.06,0
CHEMBL5203357,O=c1cc(CC2COCCN2)[nH]c2nc(Nc3c4c(cc5c3CCC5)CCC4)nn12,BAO_0000219,B,,5.27,0
CHEMBL5174663,CN1CCOCC1Cc1cc(=O)n2nc(Nc3c4c(cc5c3CCC5)CCC4)nc2[nH]1,BAO_0000219,B,,5.22,0
CHEMBL5208497,CN1CCN(Cc2cc(=O)n3nc(Nc4c5c(cc6c4CCC6)CCC5)nc3[nH]2)CC1,BAO_0000219,B,,,0
CHEMBL5197427,Cn1nccc1Cc1cc(=O)n2nc(Nc3c4c(cc5c3CCC5)CCC4)nc2[nH]1,BAO_0000219,B,,5.7,0
CHEMBL5204527,Cn1ccc(Cc2cc(=O)n3nc(Nc4c5c(cc6c4CCC6)CCC5)nc3[nH]2)n1,BAO_0000219,B,,5.75,0
CHEMBL5198440,Cn1cc(Cc2cc(=O)n3nc(Nc4c5c(cc6c4CCC6)CCC5)nc3[nH]2)cn1,BAO_0000219,B,,5.31,0
CHEMBL5169601,Cn1cnc(Cc2cc(=O)n3nc(Nc4c5c(cc6c4CCC6)CCC5)nc3[nH]2)c1,BAO_0000219,B,,5.26,0
CHEMBL5185377,Cn1cncc1Cc1cc(=O)n2nc(Nc3c4c(cc5c3CCC5)CCC4)nc2[nH]1,BAO_0000219,B,,4.8,0
CHEMBL5195278,Cc1cc(=S)n2nc(Nc3c4c(cc5c3CCC5)CCC4)nc2[nH]1,BAO_0000219,B,,6.22,0
CHEMBL5196139,S=c1cc(Cc2ccccn2)[nH]c2nc(Nc3c4c(cc5c3CCC5)CCC4)nn12,BAO_0000219,B,,7.89,0
CHEMBL5185500,S=c1cc(CC2CCCCO2)[nH]c2nc(Nc3c4c(cc5c3CCC5)CCC4)nn12,BAO_0000219,B,,6.89,0
CHEMBL5200838,O=c1cc(Cc2ccccn2)[nH]c2nc(Nc3c4c(cc5c3CCC5)CCC4)nn12,BAO_0000221,B,,,0
CHEMBL5205427,O=c1cc(CC2CCCCO2)[nH]c2nc(Nc3c4c(cc5c3CCC5)CCC4)nn12,BAO_0000221,B,,,0
CHEMBL5196139,S=c1cc(Cc2ccccn2)[nH]c2nc(Nc3c4c(cc5c3CCC5)CCC4)nn12,BAO_0000221,B,,5.82,0
CHEMBL5185500,S=c1cc(CC2CCCCO2)[nH]c2nc(Nc3c4c(cc5c3CCC5)CCC4)nn12,BAO_0000221,B,,5.05,0
CHEMBL5200838,O=c1cc(Cc2ccccn2)[nH]c2nc(Nc3c4c(cc5c3CCC5)CCC4)nn12,BAO_0000219,B,,6.62,0
CHEMBL5205427,O=c1cc(CC2CCCCO2)[nH]c2nc(Nc3c4c(cc5c3CCC5)CCC4)nn12,BAO_0000219,B,,5.89,0
CHEMBL5196139,S=c1cc(Cc2ccccn2)[nH]c2nc(Nc3c4c(cc5c3CCC5)CCC4)nn12,BAO_0000219,B,,7.47,0
CHEMBL5185500,S=c1cc(CC2CCCCO2)[nH]c2nc(Nc3c4c(cc5c3CCC5)CCC4)nn12,BAO_0000219,B,,6.72,0
CHEMBL5219690,O=C(Nc1c2c(cc3c1CCC3)CCC2)NS(=O)(=O)c1nccs1,BAO_0000219,B,,5.44,0
CHEMBL5219226,O=C(Nc1c2c(cc3c1CCC3)CCC2)NS(=O)(=O)c1cnccn1,BAO_0000219,B,,6.02,0
CHEMBL5218938,O=C(Nc1c2c(cc3c1CCC3)CCC2)NS(=O)(=O)c1ccncc1,BAO_0000219,B,,5.81,0
CHEMBL5220818,O=C(Nc1c2c(cc3c1CCC3)CCC2)NS(=O)(=O)c1cccnc1,BAO_0000219,B,,5.97,0
CHEMBL5219535,O=C(Nc1c2c(cc3c1CCC3)CCC2)NS(=O)(=O)c1ccccn1,BAO_0000219,B,,5.88,0
CHEMBL4640151,O=C(Nc1c2c(cc3c1CCC3)CCC2)NS(=O)(=O)c1ccccc1,BAO_0000219,B,,5.75,0
CHEMBL4802424,O=C(Nc1c2c(cc3c1CCC3)CCC2)NS(=O)(=O)c1ccco1,BAO_0000219,B,,6.36,0
CHEMBL3183703,CC(C)(O)c1coc(S(=O)(=O)NC(=O)Nc2c3c(cc4c2CCC4)CCC3)c1,BAO_0000219,B,,7.54,0
CHEMBL5219688,Cc1ncc(S(=O)(=O)NC(=O)Nc2c3c(cc4c2CCC4)CCC3)s1,BAO_0000219,B,,6.37,0
CHEMBL5220890,Cc1nc(S(=O)(=O)NC(=O)Nc2c3c(cc4c2CCC4)CCC3)cn1C,BAO_0000219,B,,5.64,0
CHEMBL5220827,Cn1nccc1S(=O)(=O)NC(=O)Nc1c2c(cc3c1CCC3)CCC2,BAO_0000219,B,,5.59,0
CHEMBL5220708,Cn1ccc(S(=O)(=O)NC(=O)Nc2c3c(cc4c2CCC4)CCC3)n1,BAO_0000219,B,,6.47,0
CHEMBL5218858,Cn1cc(S(=O)(=O)NC(=O)Nc2c3c(cc4c2CCC4)CCC3)cn1,BAO_0000219,B,,6.68,0
CHEMBL5220378,CC(C)n1cc(S(=O)(=O)NC(=O)Nc2c3c(cc4c2CCC4)CCC3)cn1,BAO_0000219,B,,7.07,0
CHEMBL5219824,Cc1c(S(=O)(=O)NC(=O)Nc2c3c(cc4c2CCC4)CCC3)cnn1C,BAO_0000219,B,,5.59,0
CHEMBL5219182,O=C(Nc1c2c(cc3c1CCC3)CCC2)NS(=O)(=O)c1cnn2c1CCCC2,BAO_0000219,B,,6.39,0
CHEMBL5219660,O=C(Nc1c2c(cc3c1CCC3)CCC2)NS(=O)(=O)c1cnn2c1OCCC2,BAO_0000219,B,,7.2,0
CHEMBL5220239,O=C(Nc1c2c(cc3c1CCC3)CCC2)NS(=O)(=O)c1cnn2cccnc12,BAO_0000219,B,,6.37,0
CHEMBL5219249,CN1CCn2ncc(S(=O)(=O)NC(=O)Nc3c4c(cc5c3CCC5)CCC4)c2C1=O,BAO_0000219,B,,5.21,0
CHEMBL5219789,CN[C@@H]1COc2c(S(=O)(=O)NC(=O)Nc3c4c(cc5c3CCC5)CCC4)cnn2C1,BAO_0000219,B,,8.27,0
CHEMBL5219210,CN[C@H]1COc2c(S(=O)(=O)NC(=O)Nc3c4c(cc5c3CCC5)CCC4)cnn2C1,BAO_0000219,B,,5.85,0
CHEMBL5220779,CN(C)[C@@H]1COc2c(S(=O)(=O)NC(=O)Nc3c4c(cc5c3CCC5)CCC4)cnn2C1,BAO_0000219,B,,7.89,0
CHEMBL5218811,COC1CN([C@@H]2COc3c(S(=O)(=O)NC(=O)Nc4c5c(cc6c4CCC6)CCC5)cnn3C2)C1,BAO_0000219,B,,7.92,0
CHEMBL5219385,CN(C)CC1COc2c(S(=O)(=O)NC(=O)Nc3c4c(cc5c3CCC5)CCC4)cnn2C1,BAO_0000219,B,,5.62,0
CHEMBL5219660,O=C(Nc1c2c(cc3c1CCC3)CCC2)NS(=O)(=O)c1cnn2c1OCCC2,BAO_0000221,B,,5.92,0
CHEMBL5219789,CN[C@@H]1COc2c(S(=O)(=O)NC(=O)Nc3c4c(cc5c3CCC5)CCC4)cnn2C1,BAO_0000221,B,,6.4,0
CHEMBL5219789,CN[C@@H]1COc2c(S(=O)(=O)NC(=O)Nc3c4c(cc5c3CCC5)CCC4)cnn2C1,BAO_0000219,B,,7.29,0
CHEMBL5219789,CN[C@@H]1COc2c(S(=O)(=O)NC(=O)Nc3c4c(cc5c3CCC5)CCC4)cnn2C1,BAO_0000219,B,,7.32,0
CHEMBL5219789,CN[C@@H]1COc2c(S(=O)(=O)NC(=O)Nc3c4c(cc5c3CCC5)CCC4)cnn2C1,BAO_0000219,B,,7.8,0
CHEMBL5219789,CN[C@@H]1COc2c(S(=O)(=O)NC(=O)Nc3c4c(cc5c3CCC5)CCC4)cnn2C1,BAO_0000221,B,,6.42,0
CHEMBL5219789,CN[C@@H]1COc2c(S(=O)(=O)NC(=O)Nc3c4c(cc5c3CCC5)CCC4)cnn2C1,BAO_0000221,B,,6.31,0
CHEMBL5219789,CN[C@@H]1COc2c(S(=O)(=O)NC(=O)Nc3c4c(cc5c3CCC5)CCC4)cnn2C1,BAO_0000221,B,,6.54,0
CHEMBL5219789,CN[C@@H]1COc2c(S(=O)(=O)NC(=O)Nc3c4c(cc5c3CCC5)CCC4)cnn2C1,BAO_0000219,B,,7.77,0
CHEMBL5219789,CN[C@@H]1COc2c(S(=O)(=O)NC(=O)Nc3c4c(cc5c3CCC5)CCC4)cnn2C1,BAO_0000219,B,,7.77,0
CHEMBL5219789,CN[C@@H]1COc2c(S(=O)(=O)NC(=O)Nc3c4c(cc5c3CCC5)CCC4)cnn2C1,BAO_0000219,B,,7.77,0
CHEMBL5279642,Cc1nc(N[C@@H]2CCCN(C)C2)nnc1-c1ccc(C(F)(F)F)cc1O,BAO_0000219,B,,,0
CHEMBL5289544,Cc1nc(N[C@@H]2CCCN(C)C2)nnc1-c1ccc(C2CC2)cc1O,BAO_0000219,B,,,0
CHEMBL5279284,COc1ccc(-c2nnc(N[C@@H]3CCCN(C)C3)nc2C)c(O)c1,BAO_0000219,B,,,0
CHEMBL5268752,Cc1nc(N[C@@H]2CCCN(C)C2)nnc1-c1ccc(Cl)cc1O,BAO_0000219,B,,,0
CHEMBL5268317,Cc1cc(O)c(-c2nnc(N[C@@H]3CCCN(C)C3)nc2C)c(F)c1,BAO_0000219,B,,,0
CHEMBL5288479,COc1cc(O)c(-c2nnc(N[C@@H]3CCCN(C)C3)nc2C)c(F)c1,BAO_0000219,B,,,0
CHEMBL5433167,CCOC(=O)Cn1nc(Cc2ccccc2Cl)oc1=O,BAO_0000219,B,,5.81,0
CHEMBL5435112,O=C(O)Cn1nc(Cc2ccccc2Cl)oc1=O,BAO_0000219,B,,5.73,0
CHEMBL5433167,CCOC(=O)Cn1nc(Cc2ccccc2Cl)oc1=O,BAO_0000219,B,,4.78,0
CHEMBL5435112,O=C(O)Cn1nc(Cc2ccccc2Cl)oc1=O,BAO_0000219,B,,4.49,0
CHEMBL4764712,COC(=O)CNC(=O)Nc1c2c(cc3c1CCC3)CCC2,BAO_0000219,B,,5.75,0
CHEMBL5440302,COC(=O)[C@H]1CCCN1C(=O)Nc1c2c(cc3c1CCC3)CCC2,BAO_0000219,B,,,0
CHEMBL5403531,COC(=O)[C@@H]1CCCN1C(=O)Nc1c2c(cc3c1CCC3)CCC2,BAO_0000219,B,,,0
CHEMBL5403699,COC(=O)CN1CC(=O)N(c2c3c(cc4c2CCC4)CCC3)C1=O,BAO_0000219,B,,,0
CHEMBL5419975,CCOC(=O)c1cnc(Nc2c3c(cc4c2CCC4)CCC3)[nH]1,BAO_0000219,B,,,0
CHEMBL5424987,CCOC(=O)c1cnc(Nc2c3c(cc4c2CCC4)CCC3)o1,BAO_0000219,B,,6.03,0
CHEMBL5420580,CCOC(=O)c1coc(Nc2c3c(cc4c2CCC4)CCC3)n1,BAO_0000219,B,,6.09,0
CHEMBL5439021,CCOC(=O)c1nnc(Nc2c3c(cc4c2CCC4)CCC3)o1,BAO_0000219,B,,5.05,0
CHEMBL5422563,CCOC(=O)c1cnc(Nc2c3c(cc4c2CCC4)CCC3)s1,BAO_0000219,B,,,0
CHEMBL5423585,COC(=O)c1ccnc(Nc2c3c(cc4c2CCC4)CCC3)n1,BAO_0000219,B,,,0
CHEMBL5411864,O=C(O)c1cnc(Nc2c3c(cc4c2CCC4)CCC3)o1,BAO_0000219,B,,5.62,0
CHEMBL5440351,NC(=O)c1cnc(Nc2c3c(cc4c2CCC4)CCC3)o1,BAO_0000219,B,,,0
CHEMBL5421427,CNC(=O)c1cnc(Nc2c3c(cc4c2CCC4)CCC3)o1,BAO_0000219,B,,,0
CHEMBL5431145,CS(=O)(=O)NC(=O)c1cnc(Nc2c3c(cc4c2CCC4)CCC3)o1,BAO_0000219,B,,5.17,0
CHEMBL5400639,CN(C)S(=O)(=O)NC(=O)c1cnc(Nc2c3c(cc4c2CCC4)CCC3)o1,BAO_0000219,B,,7.3,0
CHEMBL5394881,CN1CCN(C(=O)c2cnc(Nc3c4c(cc5c3CCC5)CCC4)o2)S1(=O)=O,BAO_0000219,B,,6.52,0
CHEMBL5418666,CN(C)S(=O)(=O)NC(=O)c1coc(Nc2c3c(cc4c2CCC4)CCC3)n1,BAO_0000219,B,,7.32,0
CHEMBL5399281,Cc1ccc2c(c1Nc1nc(C(=O)NS(=O)(=O)N(C)C)co1)CCC2,BAO_0000219,B,,6.82,0
CHEMBL5402176,Cc1ccc(C)c(Nc2nc(C(=O)NS(=O)(=O)N(C)C)co2)c1,BAO_0000219,B,,6.29,0
CHEMBL5397648,CC(C)c1ccc2c(c1Nc1nc(C(=O)NS(=O)(=O)N(C)C)co1)CCC2,BAO_0000219,B,,6.58,0
CHEMBL5408615,Cc1ccc(C(C)C)cc1Nc1nc(C(=O)NS(=O)(=O)N(C)C)co1,BAO_0000219,B,,6.85,0
CHEMBL5424732,Cc1ccc(C(C)(C)C)cc1Nc1nc(C(=O)NS(=O)(=O)N(C)C)co1,BAO_0000219,B,,7.18,0
CHEMBL5440833,Cc1ccc(C2CCC2)cc1Nc1nc(C(=O)NS(=O)(=O)N(C)C)co1,BAO_0000219,B,,6.51,0
CHEMBL5422590,Cc1ccc(C(F)(F)F)cc1Nc1nc(C(=O)NS(=O)(=O)N(C)C)co1,BAO_0000219,B,,7.28,0
CHEMBL5405293,Cc1ccc(C(F)(F)F)nc1Nc1nc(C(=O)NS(=O)(=O)N(C)C)co1,BAO_0000219,B,,6.26,0
CHEMBL5409874,Cc1ccc(C(F)(F)F)cc1Nc1nc(C(=O)NS(=O)(=O)N(C)C(C)C)co1,BAO_0000219,B,,7.62,0
CHEMBL5431129,Cc1ccc(C(F)(F)F)cc1Nc1nc(C(=O)NS(=O)(=O)N2CCCCC2)co1,BAO_0000219,B,,7.38,0
CHEMBL5440660,Cc1ccc(C(F)(F)F)cc1Nc1nc(C(=O)NS(=O)(=O)N2CCOCC2)co1,BAO_0000219,B,,7.42,0
CHEMBL5414296,Cc1ccc(C(F)(F)F)cc1Nc1nc(C(=O)NS(=O)(=O)N2CCCOCC2)co1,BAO_0000219,B,,7.68,0
CHEMBL5419479,CC(=O)N1CCCN(S(=O)(=O)NC(=O)c2coc(Nc3cc(C(F)(F)F)ccc3C)n2)CC1,BAO_0000219,B,,7.18,0
CHEMBL5436879,Cc1ccc(C(F)(F)F)cc1Nc1nc(C(=O)NS(=O)(=O)N2CCCN(S(C)(=O)=O)CC2)co1,BAO_0000219,B,,7.44,0
CHEMBL3183703,CC(C)(O)c1coc(S(=O)(=O)NC(=O)Nc2c3c(cc4c2CCC4)CCC3)c1,BAO_0000219,B,,7.22,0
CHEMBL5418666,CN(C)S(=O)(=O)NC(=O)c1coc(Nc2c3c(cc4c2CCC4)CCC3)n1,BAO_0000221,B,,5.11,0
CHEMBL5399281,Cc1ccc2c(c1Nc1nc(C(=O)NS(=O)(=O)N(C)C)co1)CCC2,BAO_0000221,B,,4.75,0
CHEMBL5402176,Cc1ccc(C)c(Nc2nc(C(=O)NS(=O)(=O)N(C)C)co2)c1,BAO_0000221,B,,4.96,0
CHEMBL5397648,CC(C)c1ccc2c(c1Nc1nc(C(=O)NS(=O)(=O)N(C)C)co1)CCC2,BAO_0000221,B,,5.24,0
CHEMBL5408615,Cc1ccc(C(C)C)cc1Nc1nc(C(=O)NS(=O)(=O)N(C)C)co1,BAO_0000221,B,,5.17,0
CHEMBL5424732,Cc1ccc(C(C)(C)C)cc1Nc1nc(C(=O)NS(=O)(=O)N(C)C)co1,BAO_0000221,B,,5.11,0
CHEMBL5440833,Cc1ccc(C2CCC2)cc1Nc1nc(C(=O)NS(=O)(=O)N(C)C)co1,BAO_0000221,B,,,0
CHEMBL5422590,Cc1ccc(C(F)(F)F)cc1Nc1nc(C(=O)NS(=O)(=O)N(C)C)co1,BAO_0000221,B,,5.75,0
CHEMBL5405293,Cc1ccc(C(F)(F)F)nc1Nc1nc(C(=O)NS(=O)(=O)N(C)C)co1,BAO_0000221,B,,5.33,0
CHEMBL5409874,Cc1ccc(C(F)(F)F)cc1Nc1nc(C(=O)NS(=O)(=O)N(C)C(C)C)co1,BAO_0000221,B,,,0
CHEMBL5431129,Cc1ccc(C(F)(F)F)cc1Nc1nc(C(=O)NS(=O)(=O)N2CCCCC2)co1,BAO_0000221,B,,4.55,0
CHEMBL5440660,Cc1ccc(C(F)(F)F)cc1Nc1nc(C(=O)NS(=O)(=O)N2CCOCC2)co1,BAO_0000221,B,,5.1,0
CHEMBL5414296,Cc1ccc(C(F)(F)F)cc1Nc1nc(C(=O)NS(=O)(=O)N2CCCOCC2)co1,BAO_0000221,B,,6.24,0
CHEMBL5419479,CC(=O)N1CCCN(S(=O)(=O)NC(=O)c2coc(Nc3cc(C(F)(F)F)ccc3C)n2)CC1,BAO_0000221,B,,5.92,0
CHEMBL5436879,Cc1ccc(C(F)(F)F)cc1Nc1nc(C(=O)NS(=O)(=O)N2CCCN(S(C)(=O)=O)CC2)co1,BAO_0000221,B,,6.16,0
CHEMBL3183703,CC(C)(O)c1coc(S(=O)(=O)NC(=O)Nc2c3c(cc4c2CCC4)CCC3)c1,BAO_0000221,B,,5.89,0
CHEMBL5422139,CCN1CCC[C@@H](Nc2nc3nc(-c4c(C)cc(Cl)cc4O)ccc3o2)C1,BAO_0000219,B,,9.4,0
CHEMBL5408740,Cc1cc(Cl)cc(O)c1-c1ccc2oc(N3CC[C@H]4CCN(C)C[C@H]43)nc2n1,BAO_0000219,B,,9.3,0
CHEMBL5395560,CCN1CCC[C@H](Nc2nc3nc(-c4c(C)cc(Cl)c(F)c4O)ccc3o2)C1.O=C(O)C(F)(F)F,BAO_0000219,B,,9.22,0
CHEMBL5395866,Cc1cc(Cl)cc(O)c1-c1ccc2oc(N[C@H]3CCCN4CCC[C@H]34)nc2n1,BAO_0000219,B,,9.22,0
CHEMBL5401306,COC(=O)CCN1CCC[C@H](Nc2nc3nc(-c4c(C)cc(Cl)cc4O)ccc3o2)C1,BAO_0000219,B,,9.22,0
CHEMBL5425624,CCN1CCC[C@H](Nc2nc3nc(-c4c(C)cc(Cl)cc4O)ccc3o2)C1.O=C(O)C(F)(F)F,BAO_0000219,B,,9.3,0
CHEMBL5424780,CCN1CCC[C@@H](Nc2cc(C)c(-c3ccc(C#N)cc3O)nn2)C1.O=CO,BAO_0000219,B,,8.51,0
CHEMBL5427670,CCN1CCC[C@@H](Nc2ccc(-c3c(C)cc(C#N)cc3O)nn2)C1,BAO_0000219,B,,8.96,0
CHEMBL5416002,Cc1cc(C#N)cc(O)c1-c1ccc(N2CC[C@H]3CCN(C)C[C@H]32)nn1,BAO_0000219,B,,8.92,0
CHEMBL5397239,Cc1cc(N2CCC3CCN(C)CC32)nnc1-c1ccc(C#N)cc1O,BAO_0000219,B,,8.74,0
CHEMBL5400478,Cc1cc(N2CC[C@H]3CCN(C)C[C@H]32)nnc1-c1ccc(C#N)cc1O,BAO_0000219,B,,8.74,0
CHEMBL5421788,CCc1cc(N[C@@H]2CCCN(CC)C2)nnc1-c1ccc(C#N)cc1O,BAO_0000219,B,,8.25,0
CHEMBL5424780,CCN1CCC[C@@H](Nc2cc(C)c(-c3ccc(C#N)cc3O)nn2)C1.O=CO,BAO_0000221,B,,8.49,0
CHEMBL5427670,CCN1CCC[C@@H](Nc2ccc(-c3c(C)cc(C#N)cc3O)nn2)C1,BAO_0000221,B,,8.3,0
CHEMBL5416002,Cc1cc(C#N)cc(O)c1-c1ccc(N2CC[C@H]3CCN(C)C[C@H]32)nn1,BAO_0000221,B,,8.34,0
CHEMBL5397239,Cc1cc(N2CCC3CCN(C)CC32)nnc1-c1ccc(C#N)cc1O,BAO_0000221,B,,8.18,0
CHEMBL5400478,Cc1cc(N2CC[C@H]3CCN(C)C[C@H]32)nnc1-c1ccc(C#N)cc1O,BAO_0000221,B,,8.25,0
CHEMBL5421788,CCc1cc(N[C@@H]2CCCN(CC)C2)nnc1-c1ccc(C#N)cc1O,BAO_0000221,B,,8.0,0
CHEMBL5402572,CC(C)c1nn(CC(=O)NC2CCOCC2)c(=O)c2cccn12,BAO_0000219,B,,,0
CHEMBL5430001,CC(C)c1nn(CC(=O)NC2CCOCC2)c(=O)c2ccc(-c3ccsc3)n12,BAO_0000219,B,,,0
CHEMBL5428311,CC(C)c1nn(CC(=O)NC2CCOCC2)c(=O)c2ccc(-c3ccc(Cl)s3)n12,BAO_0000219,B,,,0
CHEMBL5431466,CC(C)c1nn(CC(=O)NC2CCOCC2)c(=O)c2cc(NC3COC3)cn12,BAO_0000219,B,,,0
CHEMBL5399179,CC(C)c1nn(CC(=O)NC2CCOCC2)c(=O)c2cc(Nc3ccccc3)cn12,BAO_0000219,B,,,0
CHEMBL5423276,CC(C)c1nn(CC(=O)NC2CCOCC2)c(=O)c2cc3ccccc3n12,BAO_0000219,B,,,0
CHEMBL5397174,CC(C)c1nn(CC(=O)NC2CCOCC2)c(=O)c2cc3cc(Cl)ccc3n12,BAO_0000219,B,,,0
CHEMBL5423365,O=C(CN1CCn2c(cc3sccc32)C1=O)NC1CCOCC1,BAO_0000219,B,,,0
CHEMBL5426386,O=C(CNC(=O)c1cc2sccc2[nH]1)NC1CCOCC1,BAO_0000219,B,,,0
CHEMBL5440048,CC(C)c1nn(Cc2nnc(C3CCOCC3)o2)c(=O)c2cc3sccc3n12,BAO_0000219,B,,,0
CHEMBL5416966,CC(C)c1nn(Cc2nnc(C3CCOCC3)o2)c(=O)c2cc3sc(Cl)cc3n12,BAO_0000219,B,,5.62,0
CHEMBL5396678,CC(C)c1nn(Cc2nnc(-c3cccnc3)o2)c(=O)c2cc3sc(Cl)cc3n12,BAO_0000219,B,,5.72,0
CHEMBL5416365,CC(C)c1nn(Cc2nnc(-c3cccnc3)[nH]2)c(=O)c2cc3sc(Cl)cc3n12,BAO_0000219,B,,,0
CHEMBL5409648,CC(C)c1nn(Cc2nnc(C3CCC3)o2)c(=O)c2cc3sc(Cl)cc3n12,BAO_0000219,B,,6.43,0
CHEMBL5394543,CC(C)c1nn(Cc2nnc(C3CCCC3)o2)c(=O)c2cc3sc(Cl)cc3n12,BAO_0000219,B,,6.5,0
CHEMBL5440398,CC(C)c1nn(Cc2nnc(C3CCOC3)o2)c(=O)c2cc3sc(Cl)cc3n12,BAO_0000219,B,,6.43,0
CHEMBL5410520,CC(C)c1nn(Cc2nnc(C3CCCCC3)o2)c(=O)c2cc3sc(Cl)cc3n12,BAO_0000219,B,,5.72,0
CHEMBL5435864,CC(C)c1nn(Cc2nnc(-c3cccc(C#N)c3)o2)c(=O)c2cc3sc(Cl)cc3n12,BAO_0000219,B,,6.42,0
CHEMBL5395360,CC(C)c1nn(Cc2nnc(-c3cccc(F)c3)o2)c(=O)c2cc3sc(Cl)cc3n12,BAO_0000219,B,,6.37,0
CHEMBL5402114,CC(C)c1nn(Cc2nnc(-c3cccc(C(F)(F)F)c3)o2)c(=O)c2cc3sc(Cl)cc3n12,BAO_0000219,B,,6.01,0
CHEMBL5417766,COc1cccc(-c2nnc(Cn3nc(C(C)C)n4c(cc5sc(Cl)cc54)c3=O)o2)c1,BAO_0000219,B,,,0
CHEMBL5418228,Cc1cccc(-c2nnc(Cn3nc(C(C)C)n4c(cc5sc(Cl)cc54)c3=O)o2)c1,BAO_0000219,B,,,0
CHEMBL5412116,CC(C)c1nn(Cc2nnc(-c3cnccc3Cl)o2)c(=O)c2cc3sc(Cl)cc3n12,BAO_0000219,B,,6.3,0
CHEMBL5400305,CC(C)c1nn(Cc2nnc(-c3ncccc3Cl)o2)c(=O)c2cc3sc(Cl)cc3n12,BAO_0000219,B,,6.11,0
CHEMBL5409543,CC(C)c1nn(Cc2nnc(-c3ccncc3Cl)o2)c(=O)c2cc3sc(Cl)cc3n12,BAO_0000219,B,,6.16,0
CHEMBL5421181,CC(C)c1nn(Cc2nnc(-c3cccnc3Cl)o2)c(=O)c2cc3sc(Cl)cc3n12,BAO_0000219,B,,6.06,0
CHEMBL5439486,CC(C)c1nn(Cc2nnc(-c3cnccc3C(F)(F)F)o2)c(=O)c2cc3sc(Cl)cc3n12,BAO_0000219,B,,6.44,0
CHEMBL5423301,CC(C)c1nn(Cc2nnc(-c3cncc(C(F)(F)F)c3)o2)c(=O)c2cc3sc(Cl)cc3n12,BAO_0000219,B,,6.17,0
CHEMBL5398591,CC(C)c1nn(Cc2nnc(-c3ccc(C(F)(F)F)nc3)o2)c(=O)c2cc3sc(Cl)cc3n12,BAO_0000219,B,,6.19,0
CHEMBL5432954,Cc1ccc(-c2nnc(Cn3nc(C(C)C)n4c(cc5sc(Cl)cc54)c3=O)o2)cn1,BAO_0000219,B,,6.36,0
CHEMBL5405616,CC(C)c1nn(Cc2nnc(-c3cnccn3)o2)c(=O)c2cc3sc(Cl)cc3n12,BAO_0000219,B,,5.65,0
CHEMBL5418225,CC(C)c1nn(Cc2nnc(-c3ccncn3)o2)c(=O)c2cc3sc(Cl)cc3n12,BAO_0000219,B,,5.91,0
CHEMBL5398744,CC(C)c1nn(Cc2nnc(-c3ccnc(Cl)n3)o2)c(=O)c2cc3sc(Cl)cc3n12,BAO_0000219,B,,6.41,0
CHEMBL5439388,Cc1ccc(-c2nnc(Cn3nc(C(C)C)n4c(cc5sc(Cl)cc54)c3=O)o2)c(Cl)n1,BAO_0000219,B,,6.48,0
CHEMBL5420792,CC(C)c1nn(Cc2nnc(-c3ccc(F)nc3F)o2)c(=O)c2cc3sc(Cl)cc3n12,BAO_0000219,B,,6.8,0
CHEMBL5401205,CC(C)c1nn(Cc2nnc(-c3cc(F)cnc3Cl)o2)c(=O)c2cc3sc(Cl)cc3n12,BAO_0000219,B,,6.3,0
CHEMBL5439591,CC(C)c1nn(Cc2nnc(-c3cc(C(F)(F)F)cnc3Cl)o2)c(=O)c2cc3sc(Cl)cc3n12,BAO_0000219,B,,5.75,0
CHEMBL5439097,CC(C)c1nn(Cc2nnc(-c3ccc(C(F)(F)F)nc3Cl)o2)c(=O)c2cc3sc(Cl)cc3n12,BAO_0000219,B,,6.5,0
CHEMBL5401149,CC(C)c1nn([C@H](C)c2nnc(-c3ccc(C(F)(F)F)nc3Cl)o2)c(=O)c2cc3sc(Cl)cc3n12,BAO_0000219,B,,,0
CHEMBL5433954,CC(C)c1nn([C@@H](C)c2nnc(-c3ccc(C(F)(F)F)nc3Cl)o2)c(=O)c2cc3sc(Cl)cc3n12,BAO_0000219,B,,,0
CHEMBL5410507,[2H]C([2H])(c1nnc(-c2ccc(C(F)(F)F)nc2Cl)o1)n1nc(C(C)C)n2c(cc3sc(Cl)cc32)c1=O,BAO_0000219,B,,6.55,0
CHEMBL5407220,CC(C)c1nn(CC(=O)NC2CCOCC2)c(=O)c2cc3sc(Cl)cc3n12,BAO_0000219,B,,7.3,0
CHEMBL5407220,CC(C)c1nn(CC(=O)NC2CCOCC2)c(=O)c2cc3sc(Cl)cc3n12,BAO_0000219,B,,7.43,0
CHEMBL5407220,CC(C)c1nn(CC(=O)NC2CCOCC2)c(=O)c2cc3sc(Cl)cc3n12,BAO_0000219,B,,,0
CHEMBL4780624,CCOC(=O)[C@@H](Cc1ncccn1)NC(=O)Nc1c2c(cc3c1CCC3)CCC2,BAO_0000219,B,,7.44,1
CHEMBL4795130,CCOC(=O)CNC(=O)Nc1c2c(cc3c1CCC3)CCC2,BAO_0000219,B,,5.8,1
CHEMBL3183703,CC(C)(O)c1coc(S(=O)(=O)NC(=O)Nc2c3c(cc4c2CCC4)CCC3)c1,BAO_0000219,B,,7.52,0
CHEMBL5408846,COC(=O)CN(C)C(=O)Nc1c2c(cc3c1CCC3)CCC2,BAO_0000219,B,,,0
CHEMBL5407505,CCOC(=O)COC(=O)Nc1c2c(cc3c1CCC3)CCC2,BAO_0000219,B,,6.36,0
CHEMBL5408441,CCOC(=O)COC(=O)N(C)c1c2c(cc3c1CCC3)CCC2,BAO_0000219,B,,,0
CHEMBL5420131,CCOC(=O)CNC(=O)Oc1c2c(cc3c1CCC3)CCC2,BAO_0000219,B,,,0
CHEMBL5424149,CCOC(=O)COC(=O)Nc1ccccc1C#N,BAO_0000219,B,,5.26,0
CHEMBL5426519,CCOC(=O)COC(=O)Nc1ccccc1C(C)C,BAO_0000219,B,,5.8,0
CHEMBL5433625,CCOC(=O)COC(=O)Nc1ccccc1C(F)(F)F,BAO_0000219,B,,,0
CHEMBL5416016,CCOC(=O)COC(=O)Nc1ccccc1OC(F)(F)F,BAO_0000219,B,,,0
CHEMBL5404989,CCOC(=O)COC(=O)Nc1cc(C)ccc1C,BAO_0000219,B,,6.01,0
CHEMBL5409945,CCOC(=O)COC(=O)Nc1cccc(C)c1C,BAO_0000219,B,,5.85,0
CHEMBL5420080,CCOC(=O)COC(=O)Nc1c(C)cccc1C,BAO_0000219,B,,6.03,0
CHEMBL5417052,CCOC(=O)COC(=O)Nc1c(C)cc(C)cc1C,BAO_0000219,B,,6.23,0
CHEMBL5436264,CCOC(=O)COC(=O)Nc1c(C)cccc1CC,BAO_0000219,B,,5.82,0
CHEMBL5427193,CCOC(=O)COC(=O)Nc1c(C)cccc1C(C)C,BAO_0000219,B,,6.36,0
CHEMBL5433230,CCOC(=O)COC(=O)Nc1c(C)cccc1C(C)(C)C,BAO_0000219,B,,5.5,0
CHEMBL5402869,CCOC(=O)COC(=O)Nc1c(CC)cccc1CC,BAO_0000219,B,,6.09,0
CHEMBL5422068,CCOC(=O)COC(=O)Nc1c(C(C)C)cccc1C(C)C,BAO_0000219,B,,5.0,0
CHEMBL5432654,CCOC(=O)COC(=O)Nc1c(Cl)cccc1Cl,BAO_0000219,B,,6.0,0
CHEMBL5406685,CCOC(=O)COC(=O)Nc1c(F)cccc1F,BAO_0000219,B,,5.72,0
CHEMBL5399814,CCOC(=O)C(Cn1cccn1)OC(=O)Nc1c2c(cc3c1CCC3)CCC2,BAO_0000219,B,,7.64,0
CHEMBL5432079,CCOC(=O)C(Cn1cccn1)OC(=O)Nc1c(C)cccc1C,BAO_0000219,B,,6.72,0
CHEMBL5408252,CCOC(=O)C(Cc1ncccn1)OC(=O)Nc1c2c(cc3c1CCC3)CCC2,BAO_0000219,B,,8.1,0
CHEMBL5440114,CCOC(=O)C(Cc1ncccn1)OC(=O)Nc1c(C)cccc1C,BAO_0000219,B,,6.57,0
CHEMBL5423220,CCOC(=O)C(Cc1cnccn1)OC(=O)Nc1c2c(cc3c1CCC3)CCC2,BAO_0000219,B,,7.85,0
CHEMBL5438164,CCOC(=O)C(Cn1cc(C#N)cn1)OC(=O)Nc1c2c(cc3c1CCC3)CCC2,BAO_0000219,B,,8.7,0
CHEMBL5411537,CCOC(=O)C(Cn1cncn1)OC(=O)Nc1c2c(cc3c1CCC3)CCC2,BAO_0000219,B,,9.0,0
CHEMBL5408007,CC(C)OC(=O)[C@@H](Cn1cc(C#N)cn1)OC(=O)Nc1c2c(cc3c1CCC3)CCC2,BAO_0000219,B,,9.82,0
CHEMBL5423228,CC(C)OC(=O)[C@@H](Cn1cncn1)OC(=O)Nc1c2c(cc3c1CCC3)CCC2,BAO_0000219,B,,9.24,0
CHEMBL5403928,CC(C)OC(=O)[C@@H](Cc1cnccn1)OC(=O)Nc1c2c(cc3c1CCC3)CCC2,BAO_0000219,B,,9.25,0
CHEMBL5427865,O=C(Nc1c2c(cc3c1CCC3)CCC2)O[C@H](Cc1ncccn1)C(=O)OC1CCCC1,BAO_0000219,B,,9.21,0
CHEMBL5397039,CC(C)OC(=O)[C@H](Cc1ncccn1)OC(=O)Nc1c2c(cc3c1CCC3)CCC2,BAO_0000219,B,,6.92,0
CHEMBL5409389,CC(C)OC(=O)[C@@H](Cc1ncccn1)OC(=O)Nc1c2c(cc3c1CCC3)CCC2,BAO_0000219,B,,9.49,0
CHEMBL5423530,O=C(Nc1c2c(cc3c1CCC3)CCC2)O[C@H](Cc1ncccn1)C(=O)O,BAO_0000219,B,,7.18,0
CHEMBL4780624,CCOC(=O)[C@@H](Cc1ncccn1)NC(=O)Nc1c2c(cc3c1CCC3)CCC2,BAO_0000221,B,,6.8,1
CHEMBL4795130,CCOC(=O)CNC(=O)Nc1c2c(cc3c1CCC3)CCC2,BAO_0000221,B,,4.54,0
CHEMBL3183703,CC(C)(O)c1coc(S(=O)(=O)NC(=O)Nc2c3c(cc4c2CCC4)CCC3)c1,BAO_0000221,B,,5.54,0
CHEMBL5408846,COC(=O)CN(C)C(=O)Nc1c2c(cc3c1CCC3)CCC2,BAO_0000221,B,,,0
CHEMBL5407505,CCOC(=O)COC(=O)Nc1c2c(cc3c1CCC3)CCC2,BAO_0000221,B,,6.0,0
CHEMBL5408441,CCOC(=O)COC(=O)N(C)c1c2c(cc3c1CCC3)CCC2,BAO_0000221,B,,,0
CHEMBL5420131,CCOC(=O)CNC(=O)Oc1c2c(cc3c1CCC3)CCC2,BAO_0000221,B,,,0
CHEMBL5424149,CCOC(=O)COC(=O)Nc1ccccc1C#N,BAO_0000221,B,,5.17,0
CHEMBL5426519,CCOC(=O)COC(=O)Nc1ccccc1C(C)C,BAO_0000221,B,,5.26,0
CHEMBL5433625,CCOC(=O)COC(=O)Nc1ccccc1C(F)(F)F,BAO_0000221,B,,,0
CHEMBL5416016,CCOC(=O)COC(=O)Nc1ccccc1OC(F)(F)F,BAO_0000221,B,,,0
CHEMBL5404989,CCOC(=O)COC(=O)Nc1cc(C)ccc1C,BAO_0000221,B,,5.54,0
CHEMBL5409945,CCOC(=O)COC(=O)Nc1cccc(C)c1C,BAO_0000221,B,,4.72,0
CHEMBL5420080,CCOC(=O)COC(=O)Nc1c(C)cccc1C,BAO_0000221,B,,5.96,0
CHEMBL5417052,CCOC(=O)COC(=O)Nc1c(C)cc(C)cc1C,BAO_0000221,B,,5.41,0
CHEMBL5436264,CCOC(=O)COC(=O)Nc1c(C)cccc1CC,BAO_0000221,B,,5.62,0
CHEMBL5427193,CCOC(=O)COC(=O)Nc1c(C)cccc1C(C)C,BAO_0000221,B,,5.89,0
CHEMBL5433230,CCOC(=O)COC(=O)Nc1c(C)cccc1C(C)(C)C,BAO_0000221,B,,4.72,0
CHEMBL5402869,CCOC(=O)COC(=O)Nc1c(CC)cccc1CC,BAO_0000221,B,,4.89,0
CHEMBL5422068,CCOC(=O)COC(=O)Nc1c(C(C)C)cccc1C(C)C,BAO_0000221,B,,,0
CHEMBL5432654,CCOC(=O)COC(=O)Nc1c(Cl)cccc1Cl,BAO_0000221,B,,5.04,0
CHEMBL5406685,CCOC(=O)COC(=O)Nc1c(F)cccc1F,BAO_0000221,B,,5.03,0
CHEMBL5399814,CCOC(=O)C(Cn1cccn1)OC(=O)Nc1c2c(cc3c1CCC3)CCC2,BAO_0000221,B,,6.85,0
CHEMBL5432079,CCOC(=O)C(Cn1cccn1)OC(=O)Nc1c(C)cccc1C,BAO_0000221,B,,5.77,0
CHEMBL5408252,CCOC(=O)C(Cc1ncccn1)OC(=O)Nc1c2c(cc3c1CCC3)CCC2,BAO_0000221,B,,7.38,0
CHEMBL5440114,CCOC(=O)C(Cc1ncccn1)OC(=O)Nc1c(C)cccc1C,BAO_0000221,B,,5.85,0
CHEMBL5423220,CCOC(=O)C(Cc1cnccn1)OC(=O)Nc1c2c(cc3c1CCC3)CCC2,BAO_0000221,B,,7.7,0
CHEMBL5438164,CCOC(=O)C(Cn1cc(C#N)cn1)OC(=O)Nc1c2c(cc3c1CCC3)CCC2,BAO_0000221,B,,7.89,0
CHEMBL5411537,CCOC(=O)C(Cn1cncn1)OC(=O)Nc1c2c(cc3c1CCC3)CCC2,BAO_0000221,B,,7.64,0
CHEMBL5408007,CC(C)OC(=O)[C@@H](Cn1cc(C#N)cn1)OC(=O)Nc1c2c(cc3c1CCC3)CCC2,BAO_0000221,B,,8.3,0
CHEMBL5423228,CC(C)OC(=O)[C@@H](Cn1cncn1)OC(=O)Nc1c2c(cc3c1CCC3)CCC2,BAO_0000221,B,,7.89,0
CHEMBL5403928,CC(C)OC(=O)[C@@H](Cc1cnccn1)OC(=O)Nc1c2c(cc3c1CCC3)CCC2,BAO_0000221,B,,8.22,0
CHEMBL5427865,O=C(Nc1c2c(cc3c1CCC3)CCC2)O[C@H](Cc1ncccn1)C(=O)OC1CCCC1,BAO_0000221,B,,7.48,0
CHEMBL5397039,CC(C)OC(=O)[C@H](Cc1ncccn1)OC(=O)Nc1c2c(cc3c1CCC3)CCC2,BAO_0000221,B,,,0
CHEMBL5409389,CC(C)OC(=O)[C@@H](Cc1ncccn1)OC(=O)Nc1c2c(cc3c1CCC3)CCC2,BAO_0000221,B,,8.15,0
CHEMBL5423530,O=C(Nc1c2c(cc3c1CCC3)CCC2)O[C@H](Cc1ncccn1)C(=O)O,BAO_0000221,B,,5.33,0
CHEMBL4780624,CCOC(=O)[C@@H](Cc1ncccn1)NC(=O)Nc1c2c(cc3c1CCC3)CCC2,BAO_0000219,B,,7.48,1
CHEMBL3183703,CC(C)(O)c1coc(S(=O)(=O)NC(=O)Nc2c3c(cc4c2CCC4)CCC3)c1,BAO_0000219,B,,7.55,0
CHEMBL5409389,CC(C)OC(=O)[C@@H](Cc1ncccn1)OC(=O)Nc1c2c(cc3c1CCC3)CCC2,BAO_0000219,B,,8.68,0
CHEMBL5421905,CC(C)[C@H](NS(=O)(=O)c1ccc([N+](=O)[O-])cc1)C(=O)Nc1c2c(cc3c1CCC3)CCC2,BAO_0000219,B,,8.13,0
CHEMBL5422387,Nc1ccc(S(=O)(=O)N[C@@H](Cc2ccc(O)cc2)C(=O)Nc2c3c(cc4c2CCC4)CCC3)cc1,BAO_0000219,B,,8.48,0
CHEMBL5436366,Nc1ccc(S(=O)(=O)N2Cc3ccccc3C[C@H]2C(=O)Nc2c3c(cc4c2CCC4)CCC3)cc1,BAO_0000219,B,,8.27,0
CHEMBL5399888,CC(C)(O)c1ccoc1S(=O)(=O)NC(=O)Nc1c2c(cc3c1CCC3)CCC2,BAO_0000219,B,,8.09,0
CHEMBL5420940,O=C(Nc1c2c(cc3c1CCO3)CCC2)NS(=O)(=O)c1ccn(C2CC2)n1,BAO_0000219,B,,,0
CHEMBL5433446,CN(C)C/C=C/S(=O)(=O)NC(=O)Nc1c2c(cc3c1CCC3)C=CC2,BAO_0000219,B,,8.44,0
CHEMBL5413125,CC(C)(N)/C=C/[S+]([O-])(=NC#N)NC(=O)Nc1c2c(cc3c1CCC3)CCC2,BAO_0000219,B,,7.92,0
CHEMBL5402615,CN(C)C/C=C/S(=O)(=O)NC(=O)Nc1c2c(cc3c1CCC3)CCC2,BAO_0000219,B,,8.49,0
CHEMBL5423176,CC1(C)CCc2c1cc1c(c2NC(=O)NS(=O)(=O)c2ccnn2CCCB(O)O)CCC1,BAO_0000219,B,,,0
CHEMBL5403132,O=C(Nc1c(C2CC2)ccc2c1CCC2)NS(=O)(=O)c1cc2c(o1)C1CCN(CC1)C2,BAO_0000221,B,,,0
CHEMBL5400639,CN(C)S(=O)(=O)NC(=O)c1cnc(Nc2c3c(cc4c2CCC4)CCC3)o1,BAO_0000219,B,,7.3,1
CHEMBL5414746,Cc1cc2c(c(NC(=O)N[S+](=N)([O-])c3ccccc3)c1-c1ccnc(OC3CCN(C)CC3)c1)CCC2,BAO_0000219,B,,,0
CHEMBL5427924,Cc1cc2c(c(NC(=O)NS(=O)(=O)c3cc(C(C)(C)O)co3)c1-c1ccnc(OC3CCN(C)CC3)c1)CCC2,BAO_0000219,B,,,0
CHEMBL5417865,CC(C)c1cc(F)cc(C(C)C)c1NC(=O)N=[S+](N)([O-])c1ccc2ccccc2c1,BAO_0000219,B,,,0
CHEMBL5409429,CC(C)c1cc(F)cc(C(C)C)c1NC(=O)N=[S+](N)([O-])c1ccccc1-c1ccccc1,BAO_0000219,B,,,0
CHEMBL5434150,Cc1ccc(C(F)(F)F)cc1Nc1nc(C(=O)NS(=O)(=O)N2CCCC(S(=O)(=O)N(C)C)CC2)co1,BAO_0000219,B,,8.07,0
CHEMBL5434609,C[C@H](O)Cn1cc(F)c([S+](N)([O-])=NC(=O)Nc2c3c(nc4c2CCC42CC2)CCC3)n1,BAO_0000219,B,,8.33,0
CHEMBL5424110,N[S+]([O-])(=NC(=O)Nc1c2c(nc(C3CC3)c1C1CC1)CCC2)c1nn(C2CC2)cc1F,BAO_0000219,B,,7.37,0
CHEMBL5409875,N[S+]([O-])(=NC(=O)Nc1c2c(nc(C(F)(F)F)c1C1CC1)CCC2)c1nn(C2CC2)cc1F,BAO_0000219,B,,7.39,0
CHEMBL5416031,Cc1nc(C(C)C)c(NC(=O)NS(=O)(=O)c2cc(C(C)(C)O)co2)n1-c1ccncc1,BAO_0000219,B,,,0
CHEMBL5420448,Cc1cc(Br)cc(C)c1-n1cc2c(=O)[nH]c(NCC(C)C)nc2n1,BAO_0000219,B,,8.52,0
CHEMBL5405701,Cc1cc(Br)cc(C)c1-n1cc2c(=O)[nH]c(N3C=COCC3)nc2n1,BAO_0000219,B,,8.52,0
CHEMBL5422571,O=C(CN1CC2(CC2)c2cc(Br)ccc2C1=O)Nc1ncc(F)cn1,BAO_0000219,B,,7.09,0
CHEMBL5421060,C[C@]1(O)C[C@@H](NC(=O)CN2C[C@@]3(C[C@@H]3F)c3cc(I)ccc3C2=O)C1,BAO_0000219,B,,8.52,0
CHEMBL5414825,CC(C)c1cc(-c2ccc3c(c2)OC(F)(F)O3)cc(C(C)C)c1CC(=O)NS(=O)(=O)c1sc(C(C)(C)O)nc1CO,BAO_0000219,B,,8.1,0
CHEMBL5410313,CC(C)c1cc(C#N)c(F)c(C(C)C)c1CC(=O)NS(=O)(=O)c1sc(C(C)(C)O)nc1CCO,BAO_0000219,B,,6.7,0
CHEMBL5427989,CC(C)c1cc(-c2cccc3ccccc23)cc(C(C)C)c1CC(=O)NS(=O)(=O)c1ccc(CN(C)C)cc1,BAO_0000219,B,,7.4,0
CHEMBL5397618,COc1cc(-c2ccc3c(c2NC(=O)NS(=O)(=O)c2nc(C(C)(C)O)c[se]2)CCC3)ccn1,BAO_0000219,B,,7.94,0
CHEMBL5439444,COc1cc(-c2cccc(C(C)C)c2NC(=O)NS(=O)(=O)c2nc(C(C)(C)O)c[se]2)ccn1,BAO_0000219,B,,7.95,0
CHEMBL5428146,CC(C)(O)c1coc(S(=O)(=O)NC(=O)Nc2c3c(cc4c2CCC4)CCC3)n1,BAO_0000219,B,,7.42,0
CHEMBL5402694,CS(=O)(=O)NC(=O)Nc1c(-c2ccnc(OC3CCN(Cc4ccccc4)CC3)c2)ccc2c1CCC2,BAO_0000219,B,,,0
CHEMBL5396861,C[C@@H]1CCc2c1nc1c(c2NC(=O)N=[S+]2([O-])NC(=O)c3ccc(C(C)(C)O)cc32)CCC1,BAO_0000219,B,,7.4,0
CHEMBL5413315,CC(C)c1cc(NC(=O)NS(=O)(=O)C(c2cnn(C)c2)C2CCCN(C)C2)c(C(C)C)s1,BAO_0000219,B,,,0
CHEMBL5402286,CCc1oc(C(C)C)cc1NC(=O)NS(=O)(=O)C(c1cnn(C)c1)C1CCCN(C)C1,BAO_0000219,B,,,0
CHEMBL5417431,CCN1CCC[C@H](Nc2ccc(-c3c(C)cc(C(F)(F)F)cc3O)nn2)C1,BAO_0000219,B,,9.1,0
CHEMBL5426651,Cc1cc(N[C@@H]2CCCN(C)C2)nnc1-c1ccc(C(F)(F)F)cc1O,BAO_0000219,B,,9.4,0
CHEMBL5414596,CN1CCC[C@@H](Nc2cc(C(F)(F)F)c(-c3ccc(C(F)(F)F)cc3O)nn2)C1,BAO_0000219,B,,9.4,0
CHEMBL5430786,C[C@@]1(CO)Cn2ncc([S@@+](N)([O-])=NC(=O)Nc3c4c(cc5c3CCC5)CCC4)c2O1,BAO_0000219,B,,8.72,0
CHEMBL5439343,CC(C)(O)c1ccc2c(c1)[S+]([O-])(NC(=O)Nc1c3c(cc4c1CCC4)CCC3)=NC2=O,BAO_0000219,B,,,0
CHEMBL5405482,COC(C)(C)Cn1ccc(S(=O)(=O)c2nnc(Nc3c4c(cc5c3CCC5)CCC4)[nH]2)n1,BAO_0000219,B,,,0
CHEMBL5396389,CC(C)c1cc(F)cc2c1CC(=O)NS(=O)(=O)c1ccn(n1)C(C)(C)COc1cc-2ccn1,BAO_0000219,B,,,0
CHEMBL5396648,CC(C)OC(=O)c1nc(Nc2c3c(cc4c2CCC4)CCC3)cs1,BAO_0000219,B,,,0
CHEMBL5095423,CCN1CCC(S(=O)(=O)NC(=O)Nc2c3c(cc4c2CCC4)CCC3)CC1,BAO_0000219,B,,,0
CHEMBL5395881,CN(C)Cc1cc(S(=O)(=O)NC(=O)Nc2c3c(cc4c2CCC4)CCC3)nn1C1CC1,BAO_0000219,B,,,0
CHEMBL5396675,COc1cc(C)c(S(=O)(=O)NC(=O)Nc2c3c(cc4c2CCC4)CCC3)cn1,BAO_0000219,B,,,0
CHEMBL5405135,CN1CCC(Oc2cc(-c3ccc4c(c3NC(=O)NS(=O)(=O)C3CC3)CCC4)ccn2)CC1,BAO_0000219,B,,,0
CHEMBL5402007,CS(C)(=O)=Nc1ccc(S(=O)(=O)NC(=O)Nc2c3c(cc4c2CCC4)CCC3)s1,BAO_0000219,B,,7.44,0
CHEMBL5419955,Cc1cc(NC2CCCN(C3CCC3)C2)nnc1-c1ccc2sccc2c1O,BAO_0000219,B,,10.15,0
CHEMBL5404792,Cc1cc(N[C@@H]2CCCN(C)C2)nnc1-c1ccc2ccccc2c1O,BAO_0000219,B,,8.36,0
CHEMBL5431968,Cc1cc(N[C@@H]2CCCN(C)C2)nnc1-c1ccc(-c2ccc(F)cc2)cc1O,BAO_0000219,B,,8.27,0
CHEMBL5400562,COc1cc(-c2ccc3c(c2NC(=O)NS(=O)(=O)c2cn(C(C)C)c(=O)cn2)CCC3)ccn1,BAO_0000221,B,,,0
CHEMBL5419019,O=C(Nc1c2c(cc3c1CCC3)CCC2)NS(=O)(=O)c1cc2c(o1)C1CCN(CC1)C2,BAO_0000221,B,,,0
CHEMBL5422832,Cn1ncc2ccc(S(=O)(=O)NC(=O)Nc3c4c(cc5c3CCC5)CCC4)cc21,BAO_0000219,B,,,0
CHEMBL5394724,O=S1(=O)c2nnc([nH]2)Nc2c(ccc3c2CCC3)-c2ccnc(c2)OCCCN2CCC3(CC1C3)C2,BAO_0000219,B,,,0
CHEMBL5419065,CN1C[C@]2(C)CCCN2[C@H](CS(=O)(=O)NC(=O)Nc2c3c(cc4c2CCC4)CCC3)C1(C)C,BAO_0000219,B,,8.14,0
CHEMBL5422660,N[S+]([O-])(=NC(=O)Nc1c2c(cc3c1CCC3)CCC2)c1cnn2cc(CO)oc12,BAO_0000219,B,,8.21,0
CHEMBL5402024,O=C1Nc2c(ccc3c2CCC3)-c2ccnc(c2)OCCn2cc(F)c(n2)S(=O)(=O)N1,BAO_0000219,B,,,0
CHEMBL3188223,COc1ccc(Cl)cc1C(=O)NCCc1ccc(S(N)(=O)=O)cc1,BAO_0000357,B,,5.49,0
CHEMBL4277456,CNS(=O)(=O)c1ccc(CCNC(=O)c2cc(Cl)ccc2OC)cc1,BAO_0000357,B,,5.49,0
CHEMBL4583133,COc1ccc(Cl)cc1C(=O)NCCc1ccc(S(=O)(=O)NO)cc1,BAO_0000357,B,,5.07,0
CHEMBL5429355,CC(C)c1nn(CC(=O)N[C@@H]2CCCN(C3CCC3)C2)c(=O)c2cc3sc(Cl)cc3n12,BAO_0000219,B,,9.52,0
CHEMBL5429355,CC(C)c1nn(CC(=O)N[C@@H]2CCCN(C3CCC3)C2)c(=O)c2cc3sc(Cl)cc3n12,BAO_0000219,B,,,0
CHEMBL5410447,CN(C)c1nn(CC(=O)N[C@H]2C[C@@](C)(O)C2)c(=O)c2cc3sccc3n12,BAO_0000219,B,,7.77,0
CHEMBL5418113,CC(C)c1nn(CC(=O)Nc2ccc3nncn3c2)c(=O)c2cc3ccccc3n12,BAO_0000219,B,,7.62,0
CHEMBL5437646,CC(C)c1nn(CC(=O)Nc2ccncn2)c(=O)c2cc(I)nn12,BAO_0000219,B,,,0
CHEMBL5423286,CCNc1cc2c(=O)n(CC(=O)Nc3ccc4nncn4c3)nc(C(C)C)n2n1,BAO_0000219,B,,7.62,0
CHEMBL5399242,CC(C)c1nn(CC(=O)N[C@H]2CN(C3CCC3)CC[C@H]2O)c(=O)c2cc(C3CC3)nn12,BAO_0000219,B,,7.68,0
CHEMBL5435937,CC(C)c1nc2c(C(C)C)nn(CC(=O)Nc3ccc4nncn4c3)c(=O)c2s1,BAO_0000219,B,,7.3,0
CHEMBL5400125,CC(C)c1nn(CC(=O)Nc2ccc3nncn3c2)c(=O)c2sc(C3CC3)nc12,BAO_0000219,B,,7.64,0
CHEMBL5396495,CCNc1nc2c(C(C)C)nn(CC(=O)Nc3ccc4nncn4c3)c(=O)c2s1,BAO_0000219,B,,7.64,0
CHEMBL5428026,CC(C)c1nn(CC(=O)N[C@H]2C[C@](C)(O)C2)c(=O)c2ccc(Br)cc12,BAO_0000219,B,,,0
CHEMBL5399146,CC(C)c1nn(CC(=O)Nc2ncc3nc[nH]c3n2)c(=O)c2ccc(C(F)(F)F)cc12,BAO_0000219,B,,7.62,0
CHEMBL5440362,CC(C)n1nc(CC(=O)Nc2ccc3c(c2)[nH]c(=O)n3C)c(=O)c2ccc(Br)cc21,BAO_0000219,B,,7.38,0
CHEMBL5426149,CC(C)n1nc(CC(=O)Nc2ccncn2)c(=O)c2ccc(Br)cc21,BAO_0000219,B,,7.34,0
CHEMBL5410447,CN(C)c1nn(CC(=O)N[C@H]2C[C@@](C)(O)C2)c(=O)c2cc3sccc3n12,BAO_0000219,B,,,0
CHEMBL5418113,CC(C)c1nn(CC(=O)Nc2ccc3nncn3c2)c(=O)c2cc3ccccc3n12,BAO_0000219,B,,4.7,0
CHEMBL5437646,CC(C)c1nn(CC(=O)Nc2ccncn2)c(=O)c2cc(I)nn12,BAO_0000219,B,,,0
CHEMBL5423286,CCNc1cc2c(=O)n(CC(=O)Nc3ccc4nncn4c3)nc(C(C)C)n2n1,BAO_0000219,B,,5.15,0
CHEMBL5399242,CC(C)c1nn(CC(=O)N[C@H]2CN(C3CCC3)CC[C@H]2O)c(=O)c2cc(C3CC3)nn12,BAO_0000219,B,,,0
CHEMBL5435937,CC(C)c1nc2c(C(C)C)nn(CC(=O)Nc3ccc4nncn4c3)c(=O)c2s1,BAO_0000219,B,,4.94,0
CHEMBL5400125,CC(C)c1nn(CC(=O)Nc2ccc3nncn3c2)c(=O)c2sc(C3CC3)nc12,BAO_0000219,B,,5.3,0
CHEMBL5396495,CCNc1nc2c(C(C)C)nn(CC(=O)Nc3ccc4nncn4c3)c(=O)c2s1,BAO_0000219,B,,,0
CHEMBL5428026,CC(C)c1nn(CC(=O)N[C@H]2C[C@](C)(O)C2)c(=O)c2ccc(Br)cc12,BAO_0000219,B,,,0
CHEMBL5399146,CC(C)c1nn(CC(=O)Nc2ncc3nc[nH]c3n2)c(=O)c2ccc(C(F)(F)F)cc12,BAO_0000219,B,,,0
CHEMBL5411212,CC(C)c1nn(CC(=O)N[C@H]2C[C@@](C)(O)C2)c(=O)c2cc3ccsc3n12,BAO_0000219,B,,7.74,0
CHEMBL5432363,CC(C)c1nn(CC(=O)N[C@H]2C[C@@](C)(O)C2)c(=O)c2cc3c(n12)CC(C)(C)C3,BAO_0000219,B,,6.83,0
CHEMBL5399611,CC(C)Sc1cc2c(=O)n(CC(=O)N[C@H]3C[C@@](C)(O)C3)nc(C(C)C)n2c1,BAO_0000219,B,,,0
CHEMBL5406256,CC(C)c1nn(CC(=O)Nc2ccncn2)c(=O)c2cccn12,BAO_0000219,B,,,0
CHEMBL5415379,CC(C)c1nn(CC(=O)Nc2ccncn2)c(=O)c2cc(I)cn12,BAO_0000219,B,,6.89,0
CHEMBL5418770,CC(C)c1cc2c(=O)n(CC(=O)N[C@@H]3CCCN(C4CCC4)C3)nc(C(C)C)n2c1,BAO_0000219,B,,7.16,0
CHEMBL5431540,CN1CCC[C@@H](Nc2nnc(-c3ccc(C(F)(F)F)cc3O)c3c2COC3)C1,BAO_0000219,B,,9.07,0
CHEMBL5422375,C[C@]1(O)C[C@@H](Nc2nnc(-c3ccc(C(F)(F)F)cc3O)c3c2COC3)C1,BAO_0000219,B,,9.1,0
CHEMBL5406256,CC(C)c1nn(CC(=O)Nc2ccncn2)c(=O)c2cccn12,BAO_0000219,B,,,0
CHEMBL5415379,CC(C)c1nn(CC(=O)Nc2ccncn2)c(=O)c2cc(I)cn12,BAO_0000219,B,,,0
CHEMBL5418770,CC(C)c1cc2c(=O)n(CC(=O)N[C@@H]3CCCN(C4CCC4)C3)nc(C(C)C)n2c1,BAO_0000219,B,,,0
CHEMBL5435222,Cc1cc(N[C@@H]2CCCN(C)C2)nnc1-c1ccc(C2CC2)cc1O,BAO_0000219,B,,9.42,0
CHEMBL5418118,CC(C)c1nn(CC(=O)Nc2ncc(F)cn2)c(=O)c2ccc(Br)cc12,BAO_0000219,B,,6.92,0
CHEMBL5415086,CC(C)c1nn(C(C)C(=O)Nc2ncc(F)cn2)c(=O)c2ccc(Br)cc12,BAO_0000219,B,,5.44,0
CHEMBL5424421,CC(C)c1nn(CC(=O)Nc2ncncc2F)c(=O)c2ccc(C(F)(F)F)cc12,BAO_0000219,B,,6.75,0
CHEMBL5439309,CC(C)c1nn(CC(=O)Nc2ncncc2F)c(=O)c2cc(C(F)(F)F)ccc12,BAO_0000219,B,,,0
CHEMBL5418504,O=C(CN1C(=O)c2ccc(Br)c(F)c2C2(CC2)C1=O)Nc1ncc(Cl)cn1,BAO_0000219,B,,7.26,0
CHEMBL5408563,CCc1c(-c2cccc(F)c2)c(C(C)C)nn(CC(=O)Nc2ncncc2F)c1=O,BAO_0000219,B,,4.45,0
CHEMBL5432133,CC(C)c1nn(CC(=O)Nc2ncccn2)c(=O)cc1-c1cc(F)cc(F)c1,BAO_0000219,B,,6.54,0
CHEMBL5440099,CC(C)c1nn(C2(C(=O)Nc3ncccn3)CC2)c(=O)cc1-c1cc(F)cc(F)c1,BAO_0000219,B,,5.94,0
CHEMBL5422764,CC(C)c1nn(CC(=O)N[C@@H]2CCCN(C3CCC3)C2)c(=O)cc1-c1cccc(Cl)c1,BAO_0000219,B,,6.04,0
CHEMBL5416723,Cc1c(-c2ccc(C(F)(F)F)cc2O)nnc(NC[C@@H](C)O)c1C#N,BAO_0000219,B,,8.02,0
CHEMBL5421303,Cc1c(N[C@@H]2CCCC[C@H]2O)nnc(-c2ccc(C(F)(F)F)cc2O)c1C,BAO_0000219,B,,8.08,0
CHEMBL5438834,Cc1nc(NC(C)c2cccc(O)c2)nnc1-c1ccc(C(F)(F)F)cc1O,BAO_0000219,B,,9.3,0
CHEMBL5426277,Clc1ccc(-c2nnc(NCC3CCCO3)c3ccccc23)cc1,BAO_0000219,B,,6.57,0
CHEMBL5405032,Clc1ccc(-c2nnc(NCC3CCCO3)c3cnccc23)cc1,BAO_0000219,B,,6.44,0
CHEMBL5422375,C[C@]1(O)C[C@@H](Nc2nnc(-c3ccc(C(F)(F)F)cc3O)c3c2COC3)C1,BAO_0000219,B,,9.1,0
CHEMBL5423671,C[C@]1(O)C[C@@H](Nc2nnc(-c3ccc(C#N)cc3O)c3c2CCCC3)C1,BAO_0000219,B,,8.52,0
CHEMBL5437138,Cc1ccc(-c2nnc(N[C@@H]3CCCN(C)C3)c3cscc23)c(O)c1,BAO_0000219,B,,7.96,0
CHEMBL5431981,Cc1ccc(-c2nnc(N[C@@H]3CCCN(C)C3)c3c2C2C=CC3CC2)c(O)c1,BAO_0000219,B,,9.0,0
CHEMBL5405849,Cc1cnc(-c2nnc(N[C@@H]3CCCN(C)C3)c3ccccc23)c(O)c1,BAO_0000219,B,,7.82,0
CHEMBL5440051,CCN1CCC[C@@H](Nc2nnc(-c3ccc(Cl)cc3O)n(C)c2=O)C1,BAO_0000221,B,,8.23,0
CHEMBL5423352,CCN1CCC[C@H](Nc2nnc(-c3ccc4c(c3O)CCO4)n(C)c2=O)C1,BAO_0000221,B,,7.8,0
CHEMBL5433380,CCN1CCC[C@@H](Nc2ccc(-c3c(C)cc(C(F)(F)F)cc3O)nn2)C1,BAO_0000219,B,,9.0,0
CHEMBL5416422,Cc1cc(C(F)(F)F)cc(O)c1-c1ccc(Nc2cccnc2)nn1,BAO_0000219,B,,7.03,0
CHEMBL5401365,Cc1cc(C(F)(F)F)cc(O)c1-c1ccc(Nc2cncnc2)nn1,BAO_0000219,B,,6.55,0
CHEMBL5401920,C=CCN1C(=O)/C(=C2/C(=O)Nc3ccccc32)SC1=S,BAO_0000219,B,,6.3,0
CHEMBL5406324,COCCN1C(=O)/C(=C2/C(=O)Nc3ccccc32)SC1=S,BAO_0000219,B,,6.4,0
CHEMBL5423381,CCCCCN1C(=O)/C(=C2\SC(=S)N(Cc3ccco3)C2=O)c2cc(Br)ccc21,BAO_0000219,B,,6.52,0
CHEMBL5404704,C=C1C(=O)[C@]23[C@H](O)[C@@H]1CC[C@H]2[C@@]12CO[C@@]3(O)[C@@H](O)[C@@H]1C(C)(C)CC[C@@H]2O,BAO_0000219,B,,5.29,0
CHEMBL5403920,C=C1C(=O)[C@@]23C(CC[C@@H]1[C@H]2OC(=O)Nc1cccc(Cl)c1)[C@@]12CO[C@]3(O)[C@@H](O)[C@@H]1C(C)(C)CC[C@@H]2O,BAO_0000219,B,,6.35,0
